식재료명(통합),제공 기준량,단위,평균 에너지(kcal)
땅콩_삶은것에 소금을 가한것,100,g,318
소고기_한우(3등급)_설도(설깃살)_생것,100,g,103
멥쌀_삼광_현미_생것,100,g,358
소고기_한우(1등급)_살코기_생것,100,g,233
상추_잎상추_적상추_생것,100,g,19
동부_말린것,100,g,343
멸치_전체_말린것,100,g,310
동부_수입산(미얀마산)_삶은것,100,g,155
호박_쥬키니_데친것,100,g,11
소고기_한우(2등급)_설도_생것,100,g,173
송아지 부산물_수입산(미국산)_골_생것,100,g,118
소고기_한우(1등급)_앞다리(앞다리살)_생것,100,g,179
미역류_미역_줄기_말린것,100,g,131
팥_붉은팥_말린것,100,g,335
전갱이류_전갱이(치어)_육_생것,100,g,99
라이마빈스_말린것,100,g,306
새우류_꽃새우_육_삶아서 말린것,100,g,307
소고기_수입산(미국산)_안심(안심살)_구운것,100,g,267
가재류_바닷가재_내장_생것,100,g,268
연씨_미숙_생것,100,g,81
귤 주스_천연과즙,100,g,39
버들송이버섯_갓_말린것,100,g,191
부추_두메부추_생것,100,g,46
조_차조+삼다찰_도정_생것,100,g,369
국수_말린것,100,g,368
멥쌀_큰눈벼_현미_생것,100,g,371
박쥐나무_잎_생것,100,g,100
소고기_한우(1++등급)_살코기_생것,100,g,269
루꼴라_생것,100,g,26
큰느타리버섯(새송이버섯)_구운것(팬),100,g,28
백모근_뿌리_말린것,100,g,337
잇꽃씨기름,100,g,892
두릅_땅두릅_생것,100,g,25
대나무_추출,100,ml,2
매생이_줄기_말린것_1월,100,g,125
호박_잎_찐것,100,g,49
오이_늙은오이_생것,100,g,9
돼지고기_안심(안심살)_생것,100,g,123
아티초크_삶은것,100,g,53
연어류_연어_육_생것_수입(영국),100,g,179
자몽(그레이프프루트)_착즙,100,g,31
감자_로즈밸리_생것,100,g,68
닭 육수,100,g,12
돼지고기_사태_구운것(팬),100,g,212
무말랭이_뿌리_말린것을 불린것,100,g,49
꿀_잡화,100,g,318
크랜베리_생것,100,g,46
돔류_참돔_껍질_구운것,100,g,209
소고기_한우(1++등급)_사태(앞사태)_생것,100,g,159
달걀_유정란_난백_생것,100,g,50
메추리고기_생것,100,g,194
새우류_새우_육_젓갈,100,g,44
쑥갓_데친것,100,g,21
야콘차_추출,100,ml,98
두릅_땅두릅_줄기_데친것,100,g,16
대황_대황_줄기_말린것,100,g,145
크릴류_크릴_육_페이스트,100,g,130
대구류_육_찐것,100,g,84
돼지고기_목심(목심살)_구운것(팬),100,g,264
오징어류_오징어_육_튀긴것,100,g,268
오렌지_발렌시아_생것,100,g,49
오리고기_껍질 포함_구운것(팬),100,g,308
백합류_백합_육_조미통조림,100,g,137
돼지고기_뒷다리(뒷사태살)_생것,100,g,135
곤약(구약나물)_국수형_데친것,100,g,7
갯기름나물_데친것,100,g,49
양배추_적양배추_삶은것,100,g,26
미나리_돌미나리_생것,100,g,16
느타리버섯_데친것,100,g,21
옥수수_평강옥_말린것,100,g,359
두릅_참두릅_생것,100,g,33
양송이버섯_말린것,100,g,180
호박_애호박_말린것,100,g,284
감_단감_생것,100,g,57
소고기_한우(1+등급)_양지(치마양지)_생것,100,g,217
포도_새마루_생것,100,g,54
소고기_한우(1++등급)_목심(목심살)_생것,100,g,217
돼지고기_등심_삶은것,100,g,204
노루궁뎅이버섯_생것,100,g,13
새우류_꽃새우_육_장류를 넣고 가열하여 조린것,100,g,255
잇꽃(홍화)_잎_생것,100,g,45
소고기_한우(1등급)_양지(치마양지)_생것,100,g,193
치커리_잎_생것,100,g,19
게류_꽃게_육_생것,100,g,80
명태_육_생것,100,g,76
어린양고기_수입산(미국산)_다리_구운것(오븐),100,g,225
소금_굵은소금,100,g,0
배추_봄동_데친것,100,g,22
풋마늘_잎줄기_데친것,100,g,30
두릅_땅두릅_줄기_생것,100,g,17
땅콩_중립종_말린것,100,g,549
포도_홍단_생것,100,g,59
조_차조_도정_생것,100,g,370
복분자_생것,100,g,88
세발나물_데친것,100,g,23
고등어류_고등어_전체_생것,100,g,85
소고기_한우(2등급)_설도(설깃살)_생것,100,g,165
홍합류_지중해담치_전체_생것,100,g,86
홍합류_진주담치_육_구운것,100,g,191
배추_소금에 절인것,100,g,17
마늘_한지형_구근_데친것,100,g,132
비파_생것,100,g,45
국화꽃_생것,100,g,25
양송이버섯_갈색양송이_생것,100,g,15
호박_싹_생것,100,g,38
돼지고기_뒷다리(홍두깨살)_생것,100,g,136
팥_검정팥_말린것,100,g,330
고등어류_고등어_육_소금에 절인것,100,g,286
미역류_미역_줄기_생것_1월,100,g,14
옥수수_창다옥_말린것,100,g,360
구아바_생것,100,g,33
소고기_한우(1+등급)_사태(앞사태)_생것,100,g,153
빙어류_샛멸_육_생것,100,g,91
나도팽나무버섯_말린것,100,g,182
표고버섯_갓_데친것,100,g,21
상추_완전결구상추(양상추)_청상추_찐것,100,g,15
설탕_각설탕,100,g,394
도라지_뿌리_분말화한것,100,g,339
감자_보라밸리_삶은것,100,g,69
소고기_한우(1등급)_사태(아롱사태)_생것,100,g,237
고춧가루_분말화한것,100,g,319
케일_하우스_생것,100,g,22
곰취_데친것,100,g,32
느타리버섯_참타리버섯_생것,100,g,16
콩(대두)_서리태_볶은것,100,g,436
정어리_전체_생것,100,g,179
블루길_육_생것_가평(청평),100,g,83
송어류_송어_육_말린것,100,g,461
쏘가리_육_찐것,100,g,125
찹쌀_동진찰벼_현미_생것,100,g,357
청각_전체_생것,100,g,10
취나물_미역취_생것,100,g,48
갯기름나물_노지_생것,100,g,41
성게류_성게_알_통조림,100,g,138
갯기름나물_하우스_어린잎_생것,100,g,44
라즈베리_얼린것,100,g,56
청둥오리알_생것,100,g,178
멥쌀밥_새일미_백미,100,g,142
소고기_한우(1+등급)_갈비(제비추리)_생것,100,g,187
토마토_흑토마토_생것,100,g,21
방울다다기양배추_생것,100,g,46
수박_황육질_생것,100,g,36
마늘종_꽃줄기_생것,100,g,53
파래류_파래_전체_생것_3월,100,g,24
옥수수_다평옥_말린것,100,g,359
성게류_보라성게_육_생것,100,g,154
가자미류_기름가자미_육_찐것,100,g,123
리크_생것,100,g,54
돼지고기_앞다리(앞사태살)_생것,100,g,132
멥쌀_보람찬_현미_생것,100,g,355
올리브 피클_초록색,100,g,137
구기자_재래종_순_생것,100,g,50
대구류_육_튀긴것,100,g,118
연어류_연어_전체_구운것,100,g,223
배추_알배기_찐것,100,g,18
마늘_구근_생것,100,g,128
두충차_분말화한것,100,g,354
찹쌀_칼슘쌀_생것,100,g,361
메밀 냉면_말린것을 삶은것,100,g,141
얼갈이배추_데친것,100,g,13
고구마_줄기_생것,100,g,18
포타벨라_생것,100,g,16
쏨뱅이류_고무꺽정이_육_생것,100,g,78
보리_찰보리_할맥,100,g,362
참빗살나무_잎_생것,100,g,61
양미리_육_말린것,100,g,234
파래류_잎파래_전체_데친것,100,g,16
쑥갓_생것,100,g,15
호박_쥬키니_생것,100,g,31
소 부산물_간_구운것(팬),100,g,175
대합류_대합_전체_생것,100,g,103
기름종개류_미꾸라지_육_생것,100,g,144
송어류_송어_육_구운것,100,g,170
타라곤_말린것,100,g,295
우엉_데친것,100,g,52
으름_생것,100,g,158
모과_생것,100,g,78
동부_생것,100,g,166
바리류_대왕자바리_육_생것,100,g,117
멥쌀_배아미_생것,100,g,343
새우류_젓새우_육_조린것,100,g,255
순무_전체_데친것,100,g,28
애꼬치_육_생것,100,g,152
멥쌀 국수_말린것,100,g,340
토마토_생것,100,g,19
멥쌀_팔방미_백미_생것,100,g,366
포도_흑보석_생것,100,g,52
게류_대게_육_생것,100,g,79
기장_찰기장+황실찰_도정_생것,100,g,368
멥쌀_알찬미_현미_생것,100,g,365
보리밥_겉보리,100,g,144
새우류_중하_육_생것,100,g,94
천마_찐것,100,g,81
옥수수_단옥3호_생것,100,g,137
돼지고기_뒷다리_삶은것,100,g,211
옥수수_청안옥_말린것,100,g,360
소금_천일염_토판염,100,g,16
바지락_육_찐것,100,g,145
멥쌀_하이아미_백미_생것,100,g,367
어린양 부산물_수입산(미국산)_간_삶은것,100,g,220
돼지기름,100,g,915
말고기_살코기_생것,100,g,102
퉁퉁마디(함초)_하우스_생것,100,g,19
영지버섯_말린것,100,g,187
고둥류_피뿔고둥_전체_생것,100,g,111
검은비늘버섯_생것,100,g,13
마타리_생것,100,g,45
감_단감+태추_생것,100,g,52
가물치_육_생것,100,g,93
표고버섯_재배_생것,100,g,18
페퍼민트_생것,100,g,70
바지락_전체_생것,100,g,101
잉어_육_생것,100,g,85
삼백초_말린것,100,g,301
가자미류_기름가자미_육_생것(반건조),100,g,98
취나물_참취_말린것을 삶은것,100,g,55
공심채_생것,100,g,17
멥쌀밥_새일미_현미,100,g,172
명태_육_반정도 말린것,100,g,290
소 부산물_신장_삶은것,100,g,158
꼬막류_꼬막_전체_생것_율촌,100,g,97
가지_데친것,100,g,19
모유,100,g,61
뽕나무버섯_재배_줄기_말린것,100,g,182
갈색 거저리_유충_생것,100,g,195
살구_말린것,100,g,258
쥐눈이콩(검정소립콩)_볶은것,100,g,447
아마씨_볶은것,100,g,540
미나리_물미나리_찐것,100,g,19
멥쌀_미품_현미_생것,100,g,348
호두_볶은것,100,g,713
사프란_말린것,100,g,310
참나물_재배_생것,100,g,20
치자꽃_생것,100,g,66
성게류_보라성게_알_생것,100,g,192
배추우거지_삶은것,100,g,18
게류_꽃게_육_젓갈,100,g,63
멥쌀_쌀눈_볶은것,100,g,468
히카마(얌빈)_삶은것,100,g,45
돼지고기_사태_삶은것,100,g,203
모링가_잎_생것,100,g,66
멥쌀_흑진주벼_현미_생것,100,g,369
달팽이_생것,100,g,90
톳_줄기_말린것,100,g,81
미역류_곰피_줄기_분말화한것,100,g,143
삼치류_삼치_육_젓갈,100,g,112
기장_도정_생것,100,g,360
소고기_한우(1++등급)_설도_생것,100,g,217
멥쌀_백미_생것,100,g,366
콩나물_분말화한것,100,g,409
설탕_황설탕,100,g,386
시금치_하우스_생것,100,g,27
연어류_연어_육_훈제,100,g,235
치커리_적치콘_생것,100,g,13
호박_늙은호박_삶은것,100,g,24
큰논우렁이_육_생것_창원,100,g,71
대구류_적색육_생것,100,g,74
소고기_한우(1등급)_양지(양지머리)_생것,100,g,198
소고기_한우(1등급)_갈비(참갈비)_생것,100,g,404
닭고기_성계_생것,100,g,180
사과_생것,100,g,57
귤_하례조생+노지_생것,100,g,37
소고기_한우(2등급)_갈비(꽃갈비)_생것,100,g,313
냉이_생것,100,g,37
꼴뚜기류_참꼴뚜기_육_젓갈,100,g,88
시금치_데친것,100,g,34
빙어류_빙어_육_장류를 넣고 가열하여 조린것,100,g,290
더덕_뿌리_분말화한것,100,g,339
오렴자(카람볼라)_생것,100,g,30
돼지고기_뒷다리_생것,100,g,135
소라류_참소라_내장_생것,100,g,86
단무지_뿌리_소금에 절인것,100,g,12
무화과_봉래시_생것,100,g,45
소고기_한우(3등급)_앞다리(꾸리살)_생것,100,g,102
문어류_문어_육_생것,100,g,76
녹차_잎_말린것,100,g,388
소고기_한우(1등급)_갈비(제비추리)_생것,100,g,178
망둑어류_문절망둑_육_생것,100,g,90
파드득나물(삼엽채)_생것,100,g,25
잎새버섯_데친것,100,g,16
소고기_한우(1+등급)_등심_생것,100,g,333
도다리류_강도다리_육_생것,100,g,118
조_메조_도정_찐것,100,g,115
국수_칼국수_생것,100,g,303
송어류_송어_육_찐것,100,g,155
찹쌀밥_보람찰_현미,100,g,181
애꼬치_육_구운것,100,g,149
소라류_참소라_내장_생것_거문도,100,g,91
우뭇가사리류_우뭇가사리_줄기_한천(우무를 말린것),100,g,154
비타민채(다채)_어린잎_생것,100,g,15
탱자_생것,100,g,84
귤_착즙,100,g,35
비름_데친것,100,g,27
머루_머스켓베일리에이_생것,100,g,76
가리비류_국자가리비_육_생것,100,g,61
연어류_연어_전체_찐것,100,g,195
홍합류_참담치(홍합)_육_생것,100,g,83
수세미_ 수액,100,ml,4
자두_ 대석_ 생것,100,g,32
보이차,100,g,0
두리안_생것,100,g,140
다시마류_용다시마_전체_말린것_해남_7월,100,g,158
산딸기_생것,100,g,55
수수_찰수수+소담찰_도정_생것,100,g,376
소고기_한우(1++등급)_갈비(토시살)_생것,100,g,273
셀러리_데친것,100,g,17
케일_꽃케일_생것,100,g,33
표고버섯_갓_생것,100,g,26
소고기_한우(2등급)_갈비(참갈비)_생것,100,g,291
돼지 부산물_비장_생것,100,g,85
삼나물_말린것,100,g,293
소 부산물_허파_생것,100,g,92
소 부산물_양(위)_생것,100,g,61
보리_찰보리_도정_생것,100,g,346
콩(대두)_노란콩_가루를 볶은것,100,g,430
닭고기_토종_가슴,100,g,106
귤_온주밀감_생것,100,g,39
멥쌀밥_일품벼_백미,100,g,156
잠두_생것,100,g,341
표고버섯_갓_말린것,100,g,183
멥쌀밥_칠분도미,100,g,160
콩(대두)_갈색콩(밤콩)_말린것,100,g,410
파래류_파래_전체_말린것,100,g,165
양송이버섯_갈색양송이_데친것,100,g,14
닭 부산물_모래주머니_구운것(오븐),100,g,132
완두_생것,100,g,114
돼지고기_목심(목심살)_생것,100,g,227
무화과_승정도후인_말린것,100,g,254
바질_잎_생것,100,g,32
김류_모무늬돌김_전체_말린것_해남_2월,100,g,345
다랑어류_황다랑어_육_생것,100,g,104
새우류_중하_육_젓갈,100,g,98
귤_레드향_생것,100,g,48
느타리버섯_말린것,100,g,189
귀리_쌀귀리+대양_도정_생것,100,g,386
파_쪽파_삶은것,100,g,31
고둥류_갈색띠매물고둥_육_구운것,100,g,135
옥수수_찰옥수수_생것,100,g,141
닭고기_아랫다리_생것,100,g,154
참나물_야생_말린것,100,g,309
어수리_잎_생것,100,g,45
문어류_문어_머리_생것,100,g,78
꿩고기_암꿩_생것,100,g,120
어린양고기_수입산(미국산)_어깨_구운것(오븐),100,g,276
기러기알_삶은것,100,g,212
옥수수_광평옥_말린것,100,g,358
다래_생것,100,g,67
멥쌀_발아현미_현미_생것,100,g,384
쑥_사자발쑥_생것,100,g,56
참반디_말린것,100,g,288
더덕_순_생것,100,g,47
오징어류_오징어_육_조미하여 구운것,100,g,333
파래류_납작파래_줄기_생것,100,g,17
달걀_난백_삶은것,100,g,51
아로니아_네로_생것,100,g,60
프로폴리스,100,g,642
피망_빨간색_생것,100,g,28
닭고기_날개_구운것(오븐),100,g,244
참깨_흰깨_말린것,100,g,556
잣_볶은것,100,g,669
멥쌀밥_흑진미_현미,100,g,174
유채_잎_생것,100,g,30
매실_생것,100,g,41
고리매_전체_생것_3월,100,g,14
타임_ 가루,100,g,364
포도_흑구슬_생것,100,g,62
파스타_스파게티_말린것을 삶은것,100,g,129
고춧잎_잎_데친것,100,g,51
오징어류_오징어_육_볶은것,100,g,278
자두_후무사_생것,100,g,44
연어류_연어_전체_생것_수입(프랑스),100,g,166
총각무_잎_생것,100,g,23
다시마류_다시마_줄기_생것,100,g,12
양파_생것,100,g,29
연어류_홍연어_육_생것,100,g,141
기름종개류_미꾸라지_전체_생것,100,g,138
머위_데친것,100,g,25
찹쌀밥_보람찰_백미,100,g,155
우뭇가사리류_우뭇가사리_줄기_생것_6월,100,g,52
어린양고기_수입산(미국산)_어깨_생것,100,g,264
지누아릿과류_개도박_전체_생것_3월,100,g,16
소고기_한우(1등급)_설도(삼각살)_생것,100,g,225
소고기_한우(1+등급)_설도(보섭살)_생것,100,g,179
알로에_ 과육_ 생것,100,g,3
성게류_보라성게_알_젓갈,100,g,159
도토리묵,100,g,47
호박_애호박_데친것,100,g,21
민트_말린것,100,g,294
소고기_한우(1++등급)_안심(안심살)_생것,100,g,268
민태_육_생것,100,g,88
새조개_육_말린것,100,g,325
송아지 부산물_수입산(미국산)_허파_삶은것,100,g,104
팥_녹색팥+연두채_말린것,100,g,341
배추_봄동_생것,100,g,23
연어류_은연어_육_생것,100,g,106
가자미류_용가자미_육_생것,100,g,86
오징어류_오징어_전체_구운것,100,g,81
콜라비_생것,100,g,22
보리밥_누리찰,100,g,142
브라질너트_말린것,100,g,659
마가목 열매_생것,100,g,115
고춧잎_잎_생것,100,g,45
꼼치류_분홍꼼치_육_생것,100,g,74
넙치류_넙치(광어)_전체_말린것_수입(그린란드),100,g,239
소라류_소라_육_통조림,100,g,137
소고기_한우(2등급)_앞다리(꾸리살)_생것,100,g,163
상황버섯_말린것,100,g,179
다슬기류_다슬기_전체_생것,100,g,66
미역류_미역_줄기_분말화한것,100,g,149
토란대_줄기_말린것,100,g,261
갓_돌산갓_찐것,100,g,20
소고기_한우(2등급)_앞다리(앞다리살)_생것,100,g,164
돼지 부산물_허파_삶은것,100,g,99
전분_감자_분말화한것,100,g,334
도라지_뿌리_생것,100,g,56
코코넛유,100,g,918
고구마_줄기(껍질 포함)_삶아서 말린것을 삶은것,100,g,29
김류_김_전체_말린것,100,g,173
명태_육_구운것,100,g,123
감_연시_생것,100,g,69
부지갱이(섬쑥부쟁이)_삶아서 말린것,100,g,296
소고기_한우(3등급)_우둔(홍두깨살)_생것,100,g,104
돼지 부산물_위(오소리감투)_생것,100,g,112
미나리_농축,100,g,120
소고기_한우(1등급)_앞다리(부채덮개살)_생것,100,g,150
아위버섯_데친것,100,g,27
토마토_대저_생것,100,g,23
소라류_참소라_육_생것_거문도,100,g,103
고추_시레나_연두색_생것,100,g,19
소고기_한우_등심_생것,100,g,313
팥_붉은팥+아라리_말린것,100,g,338
쏘가리_육_구운것,100,g,139
표고버섯_대_생것,100,g,39
북어_육_말린것,100,g,339
소고기_수입산(미국산)_사태_끓인것,100,g,201
가재류_바닷가재_육_찐것,100,g,91
토마토_방울토마토_생것,100,g,25
된장_ 재래,100,g,142
복류_흰점복_육_생것,100,g,72
어수리_생것,100,g,31
두릅_참두릅_잎_데친것,100,g,41
고추냉이_뿌리_생것,100,g,103
소고기_한우(1+등급)_양지(양지머리)_생것,100,g,197
무_조선무_뿌리_생것,100,g,21
브로콜리_싹_생것,100,g,31
가시오가피_순_생것,100,g,76
국수_중면_말린것을 삶은것,100,g,120
영아자_데친것,100,g,36
아주까리_순_말린것,100,g,287
송이버섯_데친것,100,g,22
연어기름,100,g,902
산초_ 가루,100,g,349
감자_대지_찐것,100,g,80
딸기_개량종_말린것,100,g,306
꼬치고기_육_구운것,100,g,152
선인장_저단선인장_열매_생것,100,g,91
송이버섯_생것,100,g,21
소고기_한우(1+등급)_갈비(토시살)_생것,100,g,269
붉은맛(큰죽합)_육_말린것,100,g,387
싸리버섯_말린것,100,g,179
퉁퉁마디환(함초환),100,g,262
해파리류_해파리_육_생것,100,g,6
취나물_미역취_삶아서 말린것,100,g,271
볼락류_장문볼락_육_생것,100,g,100
송어류_무지개송어_육_생것,100,g,146
콩(대두)_서리태_삶은것,100,g,196
곤약(구약나물)_판형_생것,100,g,6
아스파라거스_생것,100,g,17
돔류_옥돔_육_삶은것,100,g,125
유채_동채_데친것,100,g,31
큰느타리버섯(새송이버섯)_분말화한것,100,g,184
달걀_생것,100,g,136
멥쌀_금강1호_백미_생것,100,g,369
연어류_연어_육_조미한것을 구운것,100,g,196
곤달비_생것,100,g,32
꼬막류_피조개_육_말린것,100,g,425
멥쌀_오대_현미_생것,100,g,363
토마토_흑토마토_데친것,100,g,19
무순_싹_생것,100,g,20
섬초롱_데친것,100,g,34
복숭아_천도_생것,100,g,39
소고기_한우(1+등급)_양지_생것,100,g,273
소고기_한우(1등급)_설도(설깃살)_생것,100,g,204
돼지고기_목심(목심살)_삶은것,100,g,282
덕대_육_구운것,100,g,173
소라류_참소라_전체_생것,100,g,93
콩(대두)_노란콩_삶은것,100,g,201
소고기_한우(1++등급)_채끝(채끝살)_생것,100,g,360
참나물_야생_생것,100,g,39
포도_홍이슬_생것,100,g,53
소금_천일염_소금꽃,100,g,21
청각_줄기_생것_5월,100,g,8
브로콜리_데친것,100,g,28
전복류_전복_내장_생것,100,g,167
오이_취청_생것,100,g,13
토란_삶은것,100,g,73
바나나_생것,100,g,77
동충하초_누에동충하초_말린것,100,g,133
파인애플_생것,100,g,53
소고기_한우(1등급)_등심(아래등심살)_생것,100,g,263
양고기_외국산_다리_생것,100,g,205
동죽_육_생것,100,g,69
쥐치류_말쥐치_육_생것,100,g,161
보리_껍질 포함_분말화한것,100,g,364
소 부산물_간_생것,100,g,135
바셀라_생것,100,g,11
닭고기_가슴(껍질 제거)_구운것(팬),100,g,164
홑파래류_참홑파래_줄기_말린것,100,g,146
근대_데친것,100,g,20
돼지고기_등심_생것,100,g,142
엘더베리_생것,100,g,73
매실_천매_생것,100,g,37
대추야자_말린것,100,g,281
소고기_한우(1+등급)_안심(안심살)_생것,100,g,210
렌즈콩(렌틸콩)_수입산(인도산)_갈색_말린것,100,g,359
돔류_돌돔_육_생것,100,g,152
배추_생것,100,g,15
전갱이류_전갱이_육_생것,100,g,148
경수채_어린잎_생것,100,g,26
소고기_한우(1+등급)_목심(목심살)_생것,100,g,227
포도_진옥_생것,100,g,52
큰느타리버섯(새송이버섯)_생것,100,g,20
문어류_주꾸미_육_생것문어류_주꾸미_육_생것,100,g,44
잉어_육_구운것,100,g,128
개암(헤이즐넛)_볶은것,100,g,646
게류_꽃게_다리_생것,100,g,112
전어_육_젓갈,100,g,130
히카마(얌빈)_생것,100,g,44
소고기_한우(1++등급)_앞다리(부채덮개살)_생것,100,g,185
소고기_한우_양지_생것,100,g,253
소고기_한우(1++등급)_설도(보섭살)_생것,100,g,218
고구마_생것,100,g,147
돼지 부산물_심장(염통)_삶은것,100,g,148
감자_로즈밸리_삶은것,100,g,79
상추_로메인_청상추_생것,100,g,18
게류_대게_육_삶은것,100,g,72
레몬_생것,100,g,36
소금_천일염_굵은소금,100,g,16
복류_졸복_육_생것,100,g,83
국화차_말린것,100,g,358
겨자_청겨자_생것,100,g,24
정향_ 가루,100,g,367
게류_왕게_육_삶은것,100,g,85
겨자_적겨자_생것,100,g,24
뽕나무버섯_야생_갓_말린것,100,g,195
포도당,100,g,342
모자반류_모자반_전체_생것_3월,100,g,22
비트_잎_데친것,100,g,15
소고기_한우(3등급)_우둔(우둔살)_생것,100,g,107
소고기_한우(1++등급)_사태_생것,100,g,174
멥쌀_새일미_현미_생것,100,g,357
닭고기_토종_생것,100,g,118
보리_순_분말화한것,100,g,314
어린양고기_수입산(미국산)_어깨_삶은것,100,g,344
멥쌀_백미_분말화한것,100,g,378
소멸_육_데쳐서 말린것,100,g,239
멥쌀_추청벼_백미_생것,100,g,360
다랑어류_황다랑어_육_구운것,100,g,142
오징어류_살오징어_전체_데친것,100,g,113
소고기_한우(1등급)_양지(치마살)_생것,100,g,216
메밀 국수_말린것을 삶은것,100,g,114
박대_육_반정도 말린것,100,g,115
씀바귀_데친것,100,g,31
모자반류_모자반_줄기_말린것,100,g,143
소고기_수입산(미국산)_설도_구운것(석쇠),100,g,164
고로쇠나무_수액,100,g,5
찹쌀_백옥찰_현미_생것,100,g,358
붕어_육_구운것,100,g,196
고추_풋고추_생것,100,g,29
소고기_한우(2등급)_양지(업진살)_생것,100,g,298
셀러리_생것,100,g,17
크릴류_크릴_육_생것,100,g,76
돼지고기_뒷다리_구운것(팬),100,g,212
순무_잎_데친것,100,g,20
쏘가리_육_얼린것,100,g,139
멥쌀_히토메보레_백미_생것,100,g,364
소고기_한우(1+등급)_채끝(채끝살)_생것,100,g,314
상추_유레이크_청상추_생것,100,g,16
버찌_생것,100,g,60
박_과육_생것,100,g,21
초어_육_생것_창원,100,g,89
쌈무_초절임_식초에 절인것,100,g,15
시금치_노지_데친것,100,g,37
게류_대게_육_생것_영덕,100,g,85
참나물_재배_데친것,100,g,22
명태_육_생것_강릉,100,g,80
고추_싹_생것,100,g,21
소고기_한우(1++등급)_앞다리(꾸리살)_생것,100,g,192
소고기_한우(1등급)_설도_생것,100,g,183
동태_육_얼린것,100,g,80
멥쌀밥_현미,100,g,166
상추_아시아아이스퀸(청코스)_청상추_생것,100,g,24
파프리카(착색단고추)_Raon orange(미니파프리카)_주황색_생것,100,g,38
나도팽나무버섯_생것,100,g,16
닭고기_토종_살코기,100,g,108
호박_단호박_생것,100,g,57
붕어_육_생것,100,g,94
선인장_저단선인장_줄기_생것,100,g,75
보리_늘보리_도정_생것,100,g,346
메추리알_생것,100,g,146
송아지 부산물_수입산(미국산)_신장_생것,100,g,99
찹쌀_백미_생것,100,g,363
고구마_분질(밤) 고구마_생것,100,g,154
고사리_생것,100,g,22
멥쌀_운광_백미_생것,100,g,365
우족국물_중량3배물,100,g,2
굴류_참굴_육_통조림,100,g,92
감자_수미_구운것,100,g,85
소고기_한우(1등급)_등심_생것,100,g,309
상지차_말린것,100,g,360
찹쌀_보람찰_백미_생것,100,g,365
양파_자색양파_데친것,100,g,27
부추_솔부추_데친것,100,g,24
멥쌀_농림나1호_현미_생것,100,g,371
크릴류_크릴_육_삶은것,100,g,87
게류_대게_육_통조림,100,g,77
유채_싹_생것,100,g,78
대황_전체_생것_3월,100,g,23
구절초차_말린것,100,g,345
볼락류_조피볼락(우럭)_육_생것,100,g,102
보리밥_큰알보리1호,100,g,138
숙주나물_생것,100,g,13
멥쌀_농림나1호_칠분도미_생것,100,g,370
국수_쫄면_말린것,100,g,348
밤_옥광_생것,100,g,147
땅콩_볶은것,100,g,567
감자_ 자색_ 생것,100,g,82
고구마_점질(호박) 고구마_구운것,100,g,186
군소류_군소_육_데친것,100,g,67
배_생것,100,g,45
정어리_육_삶은것,100,g,202
돼지고기_앞다리_생것,100,g,159
스테비아_말린것,100,g,303
명태_알_젓갈(명란젓),100,g,132
딸기_개량종_생것,100,g,33
임연수어_육_생것,100,g,157
소고기_한우(1++등급)_양지(양지머리)_생것,100,g,213
쏘가리_육_생것,100,g,109
고비_야생_삶아서 말린것,100,g,299
상추_적하계_적상추_생것,100,g,19
꾸지뽕_잎_생것,100,g,85
소고기_한우(1등급)_등심(꽃등심살)_생것,100,g,336
숙주나물_데친것,100,g,12
상추_아담_청상추_생것,100,g,9
가지_말린것,100,g,290
소고기_한우(1등급)_설도(보섭살)_생것,100,g,163
송아지 부산물_수입산(미국산)_간_생것,100,g,140
녹차_분말화한것,100,g,379
청경채_생것,100,g,10
부지갱이(섬쑥부쟁이)_데친것,100,g,33
김류_참김_전체_조미하여 말린것,100,g,172
밀_흑밀_도정_생것,100,g,328
붕어_육_삶은것,100,g,250
아마란스_노란색_말린것,100,g,383
오크라_생것,100,g,26
고추_녹광_초록색_생것,100,g,27
기장_찰기장_도정_생것,100,g,371
대구류_육_젓갈,100,g,69
잉어_육_찐것,100,g,110
소고기_한우(1++등급)_양지(업진살)_생것,100,g,413
피스타치오넛_볶은것,100,g,584
소고기_한우(1등급)_등심(윗등심살)_생것,100,g,309
문어류_낙지_육_생것,100,g,81
비비추(이밥추)_생것,100,g,48
은행_삶은것,100,g,186
쑥부쟁이_잎줄기_생것,100,g,26
송아지고기_수입산(미국산)_어깨_삶은것,100,g,236
다슬기류_곳체다슬기_육_생것,100,g,79
부추_솔부추_생것,100,g,21
소고기_한우(2등급)_설도(보섭살)_생것,100,g,168
소고기_한우_양지_삶은것,100,g,272
후추_ 검은색_ 가루,100,g,398
소고기_한우(1+등급)_설도(삼각살)_생것,100,g,211
포도_거봉_생것,100,g,60
치커리차_말린것,100,g,369
오징어류_갈고리흰오징어_다리_생것,100,g,65
송아지고기_수입산(미국산)_어깨_생것,100,g,132
메추리알_난황_삶은것,100,g,360
청어_알_말린것,100,g,397
새우류_긴뿔천길새우_육_생것,100,g,92
콩(대두)_대풍_볶은것,100,g,460
소고기_한우(1등급)_우둔(우둔살)_생것,100,g,166
마늘_한지형_구근_볶은것,100,g,165
리치_생것,100,g,61
돼지 부산물_신장_삶은것,100,g,151
꿩고기_숫꿩_생것,100,g,124
오리알_삶은것,100,g,183
돼지고기_등심_구운것(팬),100,g,184
파인애플_찐것,100,g,51
새우류_꽃새우_전체_말린것,100,g,341
파프리카(착색단고추)_노란색_데친것,100,g,25
멥쌀_오대_백미_생것,100,g,371
보리_분말화한것,100,g,357
상추_롤로로사_적상추_생것,100,g,20
바지락_육_구운것,100,g,142
더덕_뿌리_구운것(팬),100,g,86
파스타_마카로니_말린것,100,g,380
굴류_참굴_육_삶은것,100,g,100
성게류_성게_육_생것,100,g,164
녹두_말린것,100,g,352
정어리_육_조미통조림,100,g,134
감자_대지_삶은것,100,g,77
소고기_한우(2등급)_양지(양지머리)_생것,100,g,198
소고기_한우(1+등급)_등심(윗등심살)_생것,100,g,339
얼갈이배추_생것,100,g,14
닭 부산물_심장(염통)_구운것(팬),100,g,216
포도_청포도(샤이니스타)_생것,100,g,76
바지락_육_말린것,100,g,386
장어류_뱀장어_간_생것,100,g,219
장어류_칠성장어_육_말린것,100,g,461
두릅_땅두릅_잎_데친것,100,g,61
선인장_보검선인장_열매_생것,100,g,83
고구마_줄기(껍질 포함)_데친것,100,g,22
가리비류_큰가리비_육_생것,100,g,67
개량조개_육_말린것,100,g,276
감_연시+청도반시_생것,100,g,62
도토리묵_분말화한것,100,g,366
취나물_개미취_생것,100,g,53
가자미류_참가자미_알_생것,100,g,152
메추리알_난황_생것,100,g,296
소고기_한우(1+등급)_등심(살치살)_생것,100,g,351
돔류_샛돔_육_찐것,100,g,132
배_만풍_생것,100,g,44
멥쌀_해담쌀_현미_생것,100,g,366
소고기_한우(1+등급)_등심(아래등심살)_생것,100,g,297
마늘_구근_다진것,100,g,99
장어류_비콜라장어_육_생것,100,g,200
문어류_낙지_육_생것문어류_낙지_육_생것,100,g,46
치아씨_씨앗_말린것,100,g,486
멥쌀_고아미2호_현미_생것,100,g,359
돼지 부산물_위(오소리감투)_삶은것,100,g,157
바나나_말린것,100,g,314
귤_흥진조생_생것,100,g,40
클로렐라_육_말린것,100,g,97
전갱이류_전갱이_육_삶은것,100,g,151
소고기_한우(1등급)_갈비(토시살)_생것,100,g,271
소고기_한우(2등급)_갈비(제비추리)_생것,100,g,172
잔대_뿌리_생것,100,g,79
대구류_육_튀긴것(밀가루옷),100,g,153
아보카도_생것,100,g,160
인삼_수삼_삶은것,100,g,86
포도_탐나라_생것,100,g,49
까나리_육_젓갈(액젓),100,g,30
오징어류_오징어_전체_말린것_수입(필리핀),100,g,289
전호_생것,100,g,23
번데기(누에)_말린것,100,g,224
버들송이버섯_생것,100,g,20
붉은맛(큰죽합)_육_생것,100,g,62
게류_대게_육_데쳐서 말린것,100,g,314
김류_참김_전체_생것,100,g,12
조_메조_도정_생것,100,g,373
꼴뚜기류_창꼴뚜기_머리_생것,100,g,88
소고기_한우(2등급)_갈비(토시살)_생것,100,g,260
마늘_ 가루,100,g,342
넙치류_넙치(광어)_전체_생것_수입(그린란드),100,g,186
멥쌀_흑미_생것,100,g,357
구즈베리_생것,100,g,51
연어류_연어_알_소금에 절여 저장한것,100,g,257
양파_말린것,100,g,340
고등어류_고등어_육_구운것_수입(일본),100,g,293
표고버섯_대_말린것,100,g,180
배추_잎_말린것을 삶은것,100,g,23
달걀_난황_생것,100,g,326
밴댕이_전체_말린것,100,g,238
검은비늘버섯_말린것,100,g,177
게류_동남참게_육_생것_광양,100,g,156
야콘_뿌리_생것,100,g,52
돼지감자_생것,100,g,35
까나리_육_삶아서 말린것,100,g,218
블루베리_말린것,100,g,325
돼지고기_갈비_구운것(팬),100,g,270
가지_소금에 절인것,100,g,22
미역류_미역_뿌리_생것,100,g,10
닭고기_토종_껍질,100,g,351
소고기_한우(1++등급)_갈비(꽃갈비)_생것,100,g,424
고려엉겅퀴(곤드레)_재배_말린것,100,g,310
곰취_재배_말린것,100,g,306
모자반류_모자반_전체_말린것,100,g,138
멍게류_유령멍게_육_생것_창원,100,g,22
바지락_육_통조림,100,g,101
명태_육_얼려서 말린것(포)_강릉,100,g,350
꾸지뽕_잎_말린것,100,g,282
고구마_줄기_말린것,100,g,262
유채씨기름,100,g,920
뜸부기_줄기_말린것,100,g,128
송아지고기_수입산(미국산)_갈비_삶은것,100,g,251
소고기_한우(2등급)_앞다리(갈비덧살)_생것,100,g,174
메밀묵_분말화한것,100,g,371
노루궁뎅이버섯_데친것,100,g,18
정어리_육_통조림,100,g,135
대구류_육_생것,100,g,79
모자반류_모자반_줄기_소금에 절여 저장한것,100,g,18
옥수수_메옥수수_삶은것,100,g,173
방가지똥_생것,100,g,46
소고기_한우(1+등급)_앞다리(갈비덧살)_생것,100,g,215
찹쌀_백미_분말화한것,100,g,377
칠면초_생것,100,g,27
백향과(패션프루트) 주스_천연과즙,100,g,67
소고기_한우(1++등급)_갈비(제비추리)_생것,100,g,202
옥수수_대학_삶은것,100,g,140
잠두_삶은것,100,g,110
팽이버섯_생것,100,g,21
다랑어류_가다랑어_육_기름담금 통조림,100,g,205
멥쌀_해들_현미_생것,100,g,356
양지국물,100,g,4
청어_육_소금에 절여 저장한것,100,g,176
청어_육_얼려서 말린것_사천,100,g,371
꼬막류_피조개_육_찐것,100,g,164
사과_아오리_껍질제거_생것,100,g,52
소고기_한우(2등급)_앞다리(부채덮개살)_생것,100,g,156
송어류_송어_육_생것,100,g,122
소고기_한우(1++등급)_우둔_생것,100,g,191
쑥_말린것,100,g,272
호박_늙은호박_찐것,100,g,40
더덕_순_데친것,100,g,35
만가닥버섯_생것,100,g,19
돔류_금눈돔_육_생것,100,g,135
포도_캠벨얼리_껍질+씨포함_생것,100,g,58
닭 부산물_간_생것,100,g,116
바리류_대왕범바리_육_생것,100,g,151
표고버섯_재배_말린것,100,g,178
콩(대두)_수입산(중국산)_말린것,100,g,433
돼지 부산물_족발_삶은것,100,g,238
게류_대게_내장_생것,100,g,106
솔잎_ 추출,100,ml,8
곤달비_데친것,100,g,29
민어_알_소금에 절여 저장한것,100,g,315
사과_아오리_껍질 포함_생것,100,g,49
곤약(구약나물)_국수형_생것,100,g,7
호박_잎_생것,100,g,45
육두구_ 가루,100,g,302
백합류_백합_육_삶은것,100,g,88
포도_탄금추_생것,100,g,50
작두(도두)_생것,100,g,125
옥수수_일미찰_삶은것,100,g,129
소고기_한우(1등급)_양지(앞치마살)_생것,100,g,292
톳_줄기_삶아서 말린것,100,g,135
송어류_송어_전체_조린것,100,g,135
송아지 부산물_수입산(미국산)_혀_삶은것,100,g,202
오미자_말린것,100,g,362
취나물_참취_말린것,100,g,265
소고기_한우(3등급)_목심(목심살)_생것,100,g,102
뱅어_육_말린것(포),100,g,403
오리고기_껍질 포함_생것,100,g,242
율무느타리버섯_생것,100,g,21
소라류_참소라_육_생것,100,g,100
보리_흑수청찰_도정_생것,100,g,352
송아지고기_수입산(미국산)_등심_구운것,100,g,217
고등어류_고등어_육_반정도 말린것,100,g,336
소고기_한우(1+등급)_등심(꽃등심살)_생것,100,g,342
고등어류_고등어_전체_훈제,100,g,295
보리_두산8호_도정_생것,100,g,352
감_대봉(갑주백목)_생것,100,g,68
아피오스감자_생것,100,g,175
사과_동결건조,100,g,332
고둥류_갈색띠매물고둥_육_생것,100,g,98
강달이류_눈강달이_육_생것,100,g,109
메밀 국수_삶은것,100,g,124
소고기_한우(1+등급)_앞다리(꾸리살)_생것,100,g,189
국수_생것,100,g,291
보리밥_쌀보리,100,g,144
돼지고기_안심(안심살)_삶은것,100,g,177
라벤다_말린것,100,g,330
국수_칼국수_삶은것,100,g,140
밀_도정_생것,100,g,333
오징어류_오징어_내장_젓갈,100,g,109
옥수수 샐러드_콘샐러드,100,g,104
오리알_난황_삶은것,100,g,375
사과_부사_생것,100,g,56
달걀_난황_삶은것,100,g,379
문어류_문어_육_말린것,100,g,348
송어류_무지개송어_육_구운것,100,g,167
설탕_빙설탕,100,g,394
진달래꽃_생것,100,g,26
소고기_한우(1+등급)_양지(업진살)_생것,100,g,335
고등어류_고등어_육_소금에 절여 저장한것,100,g,178
옥수수_황다옥_말린것,100,g,358
국수_우동_생것,100,g,152
대구류_내장_생것,100,g,94
보리_큰알보리_순_동결건조한것,100,g,283
고등어류_고등어_육_구운것_수입(영국),100,g,278
도루묵_육_소금에 절여 말린것,100,g,313
송화_분말화한것,100,g,392
브로콜리_잎_말린것,100,g,258
찹쌀_백진주_백미_생것,100,g,359
호박_애호박_말린것을 데친것,100,g,31
은어_육_구운것,100,g,165
무청_왜무_잎_생것,100,g,22
가지_생것,100,g,19
브로콜리_분말화한것,100,g,284
당면_고구마_말린것,100,g,358
고추_청양고추_생것,100,g,31
송어류_송어_육_젓갈,100,g,156
소고기_한우(1++등급)_설도(설깃살)_생것,100,g,223
소금_프랑스_소금꽃,100,g,11
모자반류_괭생이모자반_전체_생것,100,g,126
양송이버섯_데친것,100,g,15
톳_전체_생것_3월,100,g,16
가자미류_참가자미_육_생것,100,g,110
꼴뚜기류_불똥꼴뚜기_육_조린것,100,g,272
라즈베리_생것,100,g,52
칠면조고기_수입산(미국산)_구운것,100,g,189
파파야_완숙_생것,100,g,40
멥쌀_하이아미_현미_생것,100,g,360
파프리카(착색단고추)_노란색_생것,100,g,24
새우류_보리새우_육_삶은것,100,g,129
표고버섯_재배_말린것을 삶은것,100,g,35
게류_꽃게_몸통_생것,100,g,65
멥쌀_팔방미_현미_생것,100,g,358
들깨_잎_데친것,100,g,32
홍합류_지중해담치_육_구운것,100,g,136
녹차_현미_추출,100,ml,1
거위알_삶은것,100,g,187
꿀_밤,100,g,314
새우류_줄새우_육_생것,100,g,91
멥쌀_흑진미_현미_생것,100,g,357
멥쌀_현미_생것,100,g,357
콩(대두)_흑태_말린것,100,g,407
고추_빨간색_생것,100,g,85
미역류_미역_뿌리_말린것,100,g,10
양파_샬롯_생것,100,g,80
송어류_송어_알_생것,100,g,199
소고기_한우(1++등급)_앞다리(앞다리살)_생것,100,g,213
아스파라거스_데친것,100,g,17
리치_얼린것,100,g,56
멥쌀밥_수라벼_백미,100,g,159
매실_남고_생것,100,g,26
소고기_한우_양지_구운것(팬),100,g,309
닭 부산물_간_삶은것,100,g,167
톳_전체_말린것,100,g,111
소고기_한우(2등급)_설도(삼각살)_생것,100,g,202
잡곡_현미+찹쌀+현미찹쌀+보리 등_생것,100,g,358
파_쪽파_생것,100,g,26
멥쌀_미품_백미_생것,100,g,361
새우류_젓새우_전체_젓갈(육젓),100,g,70
돼지감자_삶은것,100,g,39
상어류_별상어_육_생것,100,g,95
파프리카(착색단고추)_주황색_데친것,100,g,27
감자_수미_찐것,100,g,75
소고기_한우_등심_구운것(팬),100,g,400
밤_구운것,100,g,188
닭고기_아랫다리_구운것(오븐),100,g,215
소고기_한우(1등급)_앞다리_생것,100,g,188
토마토_데친것,100,g,17
소 부산물_간_삶은것,100,g,191
포도_홍주씨들레스_껍질 포함_생것,100,g,68
백연_육_생것,100,g,89
호박_차요테_하얀색_생것,100,g,19
밤_말린것,100,g,370
콩나물_삶은것,100,g,42
유채_서양종_잎줄기_생것,100,g,36
호두유,100,g,917
표고버섯_전체_말린것을 삶은것,100,g,27
피_IEC525(NO.5)_도정_생것,100,g,376
버들송이버섯_줄기_말린것,100,g,183
잭프루트_생것,100,g,95
재첩_육_생것,100,g,94
오징어류_오징어_육_생것_강릉,100,g,95
빙어류_바다빙어_육_구운것,100,g,138
동부_삶은것,100,g,138
고추_녹광_빨간색_생것,100,g,41
소고기_한우(1++등급)_사태(상박살)_생것,100,g,222
멸치_전체_생것,100,g,97
양송이버섯_생것,100,g,15
소고기_한우(2등급)_등심_생것,100,g,275
감_단감+차랑_생것,100,g,57
유채_동채_생것,100,g,29
고구마말랭이_말린것,100,g,277
포도_말린것,100,g,297
돼지고기_뒷다리(볼기살)_생것,100,g,133
아티초크_생것,100,g,47
매실 절임_소금에 절인것,100,g,29
청어_육_훈제,100,g,311
꿀풀(하고초)_생것,100,g,48
작두(도두)_말린것,100,g,344
고추_빨간색_말린것,100,g,312
두릅_참두릅_데친것,100,g,32
갯기름나물_하우스_데친것,100,g,52
소고기_한우(1등급)_우둔_생것,100,g,162
소고기_한우(1+등급)_우둔_생것,100,g,179
소고기_한우(1+등급)_사태(상박살)_생것,100,g,211
향어(이스라엘잉어)_육_생것,100,g,189
갈치류_갈치_육_생것,100,g,153
어린양고기_수입산(미국산)_갈비_구운것(오븐),100,g,359
망고스틴_생것,100,g,71
날치_알_생것_해남,100,g,80
우유,100,g,67
당근_뿌리_데친것,100,g,31
모시풀_재래종_잎_생것,100,g,51
유자_과육_생것,100,g,40
멥쌀밥_신동진_백미,100,g,147
산호류_산호말_전체_생것_3월,100,g,42
돼지 부산물_허파_생것,100,g,85
소고기_한우(1+등급)_앞다리_생것,100,g,200
전복류_전복_육_말린것,100,g,282
오징어류_오징어_전체_생것_수입(베트남),100,g,72
해바라기유,100,g,919
율무밥_도정,100,g,172
돼지고기_등심(등심살)_생것,100,g,135
수박씨_말린것,100,g,451
복숭아씨기름,100,g,911
점줄우럭_육_생것,100,g,111
수수_도정_생것,100,g,374
삼치류_삼치_육_생것,100,g,124
원추리_생것,100,g,35
미역류_쇠미역_전체_말린것,100,g,120
소고기_한우(1++등급)_앞다리(갈비덧살)_생것,100,g,224
참죽나물(가죽나물)_삶아서 말린것,100,g,269
강달이류_눈강달이_육_젓갈,100,g,102
옥수수_단옥수수_찐것,100,g,135
블루베리_생것,100,g,48
순무_뿌리_데친것,100,g,33
땅콩기름,100,g,884
멥쌀밥_신동진_현미,100,g,160
백향과(패션프루트)_생것,100,g,100
자두_말린것,100,g,240
우롱차_추출,100,ml,0
사탕무_생것,100,g,77
배_돌배_생것,100,g,45
민어_육_조미하여 말린것,100,g,327
오리알_난백_삶은것,100,g,58
명태_육_말린것(포),100,g,372
야콘_뿌리_삶은것,100,g,42
대구류_육_소금에 절여 저장한것,100,g,101
둥굴레차_추출,100,ml,1
멸치_육_젓갈(액젓),100,g,39
멥쌀_보람찬_백미_생것,100,g,370
옥수수_찰옥4호_삶은것,100,g,156
꽁치_육_통조림,100,g,125
숭어류_숭어_육_구운것,100,g,167
멥쌀_신동진_현미_생것,100,g,350
부지갱이(섬쑥부쟁이)_말린것,100,g,258
메기_육_생것,100,g,124
정어리_육_소금에 절여 저장한것,100,g,170
콩(대두)_청자3호_말린것,100,g,399
머위_삶아서 말린것,100,g,278
보리_쌀보리_도정_생것,100,g,341
마_단마_생것,100,g,63
닭고기_가슴(껍질 제거)_생것,100,g,106
토끼고기_집토끼_끓인것,100,g,173
아몬드_볶은것,100,g,594
멜론_화이트_생것,100,g,38
표고버섯_전체_구운것(팬),100,g,25
기름종개류_미꾸리_육_생것,100,g,121
닭고기_아랫다리_삶은것,100,g,189
옥수수_다안옥_말린것,100,g,356
표고버섯_갓_말린것을 삶은것,100,g,24
향어(이스라엘잉어)_육_생것_대청댐,100,g,178
소고기_한우(1++등급)_갈비(참갈비)_생것,100,g,415
모자반류_지충이_전체_생것_3월,100,g,30
아스파라거스_하얀색_생것,100,g,21
비트_잎_생것,100,g,16
느타리버섯_노랑느타리버섯_생것,100,g,16
달래_생것,100,g,56
시금치_노지_생것,100,g,29
국수_우동_삶은것,100,g,131
취나물_참취_데친것,100,g,49
오렌지_생것,100,g,47
연어류_연어_육_약하게 소금에 절인것,100,g,153
강낭콩_삶은것,100,g,170
보리_올보리_순_생것,100,g,66
소고기_한우(2등급)_등심(살치살)_생것,100,g,274
수박_적육질_생것,100,g,31
양배추_삶은것,100,g,19
팥_팥+황백+흰나래_말린것,100,g,337
고구마_ 진홍미_ 생것,100,g,140
느타리버섯_분홍느타리버섯_생것,100,g,24
옥수수_장다옥_말린것,100,g,357
풀가사리류_불등풀가사리_줄기_말린것_2월,100,g,152
국수_중국국수_생것,100,g,249
소고기_한우(1++등급)_사태(뒷사태)_생것,100,g,178
석묵_석묵_줄기_말린것,100,g,148
삼채_잎줄기_데친것,100,g,28
넙치류_넙치(광어)_껍질_생것,100,g,186
김류_김_전체_생것,100,g,20
들깨_싹_생것,100,g,17
다랑어류_황다랑어_육_찐것,100,g,124
시금치_포항초_데친것,100,g,34
돼지고기_앞다리(부채살)_생것,100,g,152
소고기_한우(3등급)_양지(업진살)_생것,100,g,111
미역류_쇠미역_전체_생것,100,g,12
고구마_분질(밤) 고구마_찐것,100,g,169
석이버섯_말린것,100,g,165
찹쌀밥_칼슘쌀_생것,100,g,170
찹쌀_현미_생것,100,g,356
신선초(명일엽)_생것,100,g,24
파_골파_생것,100,g,29
씀바귀_생것,100,g,43
송어류_무지개송어_육_얼린것,100,g,179
귤_신예감_생것,100,g,34
멥쌀_새일미_백미_생것,100,g,366
마늘_한지형_구근_생것,100,g,129
연어류_연어_육_생것_수입(뉴질랜드),100,g,191
대구류_은대구_육_생것,100,g,144
청경채_어린잎_생것,100,g,16
박고지_말린것,100,g,268
취나물_미역취_삶아서 말린것을 삶은것,100,g,39
녹차_추출,100,ml,2
토끼고기_집토끼_생것,100,g,135
볼락류_볼락_육_구운것,100,g,121
찹쌀_보람찰_현미_생것,100,g,350
산마늘(명이나물)_잎줄기_생것,100,g,36
정어리_육_생것,100,g,171
돼지 부산물_머리고기_삶은것,100,g,363
달걀_유정란_난황_생것,100,g,333
풋마늘_잎줄기_생것,100,g,29
매실_선암매_생것,100,g,39
돼지고기_등심(등심덧살)_생것,100,g,203
보리_겉보리_조곡_생것,100,g,347
틸라피아_육_생것_춘천,100,g,126
배추_잎_말린것,100,g,278
장어류_뱀장어_육_조미하여 구운것,100,g,276
사과_양광_생것,100,g,47
칡즙,100,g,21
머루_왕머루_껍질+씨포함_생것,100,g,87
칠리_ 가루,100,g,363
치커리_뿌리_생것,100,g,72
농어류_농어_육_구운것,100,g,138
호박_잎_데친것,100,g,32
소고기_한우(1++등급)_설도(삼각살)_생것,100,g,304
포도_캠벨얼리_생것,100,g,57
파_대파_생것,100,g,23
열대비름(아마란스)_어린잎_생것,100,g,21
고추_수비초_빨간색_생것,100,g,77
곰취_야생_말린것,100,g,307
쑥_사자발쑥_데친것,100,g,55
미역류_미역_귀_말린것,100,g,10
영아자_말린것,100,g,278
정어리_육_기름담금 통조림,100,g,297
포도_청포도(힘로드시드레스)_생것,100,g,47
가리비류_가리비_육_통조림,100,g,119
옥수수_단옥수수_삶은것,100,g,118
닭 부산물_모래주머니_생것,100,g,84
고구마_줄기(껍질 포함)_생것,100,g,23
꼴뚜기류_꼴뚜기_육_젓갈,100,g,92
쥐눈이콩(검정소립콩)_말린것,100,g,403
소고기_한우(2등급)_사태_생것,100,g,155
고둥류_명주매물고둥_육_구운것,100,g,132
파프리카(착색단고추)_주황색_생것,100,g,24
소 부산물_심장(염통)_생것,100,g,112
꼴뚜기류_불똥꼴뚜기_육_조미훈제,100,g,339
병아리콩_수입산(인도산)_말린것,100,g,373
죽순_순_삶은것,100,g,19
돼지 부산물_대장_삶은것,100,g,166
옥수수_찰옥수수_찐것,100,g,132
무시래기_잎_말린것을 삶은것,100,g,27
소고기_한우(1+등급)_양지(앞치마살)_생것,100,g,297
키조개_전체_생것,100,g,57
닭 부산물_닭발_생것,100,g,199
송아지 부산물_수입산(미국산)_심장(염통)_생것,100,g,110
양배추_적양배추_생것,100,g,35
성게류_성게_육_젓갈,100,g,142
갓_돌산갓_생것,100,g,22
복류_검복_육_조미하여 말린것,100,g,313
감자_대지_생것,100,g,67
느타리버섯_참타리버섯_데친것,100,g,20
자라고기_외국산_생것,100,g,175
모자반류_모자반_줄기_분말화한것,100,g,141
산수유_과육_말린것,100,g,292
호박_늙은호박_말린것,100,g,333
배추_봄 재배_소금에 절인것,100,g,15
물쑥_데친것,100,g,47
소고기_한우(2등급)_사태(상박살)_생것,100,g,174
청각_줄기_말린것,100,g,137
소고기_한우(1+등급)_살코기_생것,100,g,251
닭고기_살코기_생것,100,g,115
팜유,100,g,917
소고기_한우(1등급)_앞다리(갈비덧살)_생것,100,g,187
보리_누리찰_도정_생것,100,g,340
고구마_점질(호박) 고구마_생것,100,g,141
닭고기_토종_다리,100,g,130
닭고기_목_생것,100,g,342
보리_미숫가루_분말화한것,100,g,412
쌈추_싸미나_생것,100,g,20
감_단감+부유_생것,100,g,56
고둥류_갈색띠매물고둥_전체_생것,100,g,146
꽃송이버섯_말린것(자연건조),100,g,173
갈래곰보_갈래곰보_줄기_생것,100,g,12
뽕나무버섯_야생_줄기_말린것,100,g,180
소고기_한우(1+등급)_앞다리(앞다리살)_생것,100,g,188
갑오징어류_쇠갑오징어_육_생것,100,g,88
코코넛_볶은것,100,g,592
능이버섯(향버섯)_생것,100,g,17
굴류_참굴_육_젓갈,100,g,101
둥굴레_잎_말린것,100,g,289
소금_프랑스_토판염,100,g,16
삼채_줄기_생것,100,g,19
잣_생것,100,g,658
고구마_줄기_데친것,100,g,17
새우류_중하_육_조미하여 말린것,100,g,331
마름_생것,100,g,183
고구마_베니하루까_껍질제거_생것,100,g,147
해파리류_해파리_육_소금에 절여 저장한것,100,g,35
밀_통밀가루_분말화한것,100,g,347
팥_붉은팥_삶은것,100,g,113
전분_칡뿌리_분말화한것,100,g,356
송아지고기_수입산(미국산)_갈비_생것,100,g,162
상추_완전결구상추(양상추)_청상추_생것,100,g,14
소고기_한우(1++등급)_등심(꽃등심살)_생것,100,g,365
무시래기_잎_말린것,100,g,249
돼지 부산물_소장(곱창)_생것,100,g,182
밀_박력밀가루_분말화한것,100,g,374
가리비류_가리비_육_삶은것,100,g,99
스테비아_생것,100,g,40
멥쌀_통일벼_현미_생것,100,g,362
살구_생것,100,g,30
토마토_유기재배_생것,100,g,17
머위_말린것,100,g,281
영아자_생것,100,g,34
돼지 부산물_맹장_생것,100,g,371
옥수수_고당옥_생것,100,g,108
고춧잎_잎_말린것,100,g,266
갑오징어류_참갑오징어_육_생것,100,g,84
소고기_한우(1++등급)_등심(살치살)_생것,100,g,363
전분_고구마_분말화한것,100,g,346
장어류_갯장어_육_생것,100,g,170
고구마_연황미_생것,100,g,127
소고기_한우(1+등급)_갈비(참갈비)_생것,100,g,373
가재류_바닷가재_육_생것,100,g,82
닭고기_구운것,100,g,247
소고기_한우(1+등급)_갈비(꽃갈비)_생것,100,g,391
닭고기_가슴(껍질 제거)_삶은것,100,g,127
목해삼_내장_생것,100,g,39
밤_대보_생것,100,g,161
틸라피아_육_찐것,100,g,127
소고기_한우(1+등급)_사태(뒷사태)_생것,100,g,153
율무_도정_생것,100,g,377
옥수수_찰옥수수_말린것,100,g,371
쑥_생것,100,g,37
퀴노아_쪄서 말린것,100,g,363
닭고기_오골계_생것,100,g,138
배암차즈기(곰보배추)_잎_생것,100,g,25
소고기_한우(2등급)_앞다리_생것,100,g,174
해바라기씨_말린것,100,g,589
닭고기_넓적다리_삶은것,100,g,230
까나리_육_생것,100,g,114
멥쌀_해담쌀_백미_생것,100,g,371
오징어류_오징어_육_말린것,100,g,352
배추_삶은것,100,g,15
호박_늙은호박_생것,100,g,38
달걀_분말화한것,100,g,376
팽이버섯_데친것,100,g,21
포도_홍아람_생것,100,g,57
송아지고기_수입산(미국산)_살코기_삶은것,100,g,201
오리알_생것,100,g,171
소고기_한우(1등급)_갈비(본갈비)_생것,100,g,312
풀버섯_생것,100,g,15
앵두_생것,100,g,61
벤자리류_벤자리_육_생것,100,g,123
굴류_굴_육_젓갈,100,g,110
소고기_한우(2등급)_설도(설깃머리살)_생것,100,g,200
상추_천상_청상추_생것,100,g,17
게걸무_잎_생것,100,g,23
산호류_산호_전체_생것_3월,100,g,80
왕우렁이_전체_생것,100,g,76
게류_닭게_육_생것,100,g,69
기장_찰기장+한라찰_도정_생것,100,g,373
보리_호강_도정_생것,100,g,341
갯기름나물_하우스_생것,100,g,50
감_연시_얼린것,100,g,66
파프리카(착색단고추)_Raon red(미니파프리카)_빨간색_생것,100,g,41
아세로라_감미종_생것,100,g,36
꿀_토종,100,g,313
오리고기_살코기_생것,100,g,117
정어리_육_삶아서 말린것,100,g,125
배추_봄 재배_삶은것,100,g,14
김류_돌김(둥근돌김)_전체_말린것,100,g,168
브로콜리_생것,100,g,32
목이버섯_말린것(자연건조),100,g,183
배추_ 데친것,100,g,17
감말랭이_말린것,100,g,236
쑥_데친것,100,g,39
삼채_뿌리_생것,100,g,49
밀_통밀_생것,100,g,342
닭고기_넓적다리_생것,100,g,190
오징어류_오징어_육_구운것,100,g,120
토란대_줄기_생것,100,g,16
갈치류_갈치_육_약하게 소금에 절인것,100,g,188
생강_뿌리줄기_생것,100,g,42
마늘_난지형_구근_데친것,100,g,138
멥쌀_남찬_현미_생것,100,g,355
조기류_참조기_육_생것,100,g,113
고둥류_명주매물고둥_전체_생것,100,g,146
소고기_한우(2등급)_설도(도가니살)_생것,100,g,168
팥_팥+황백_말린것,100,g,343
아로니아_바이킹_얼린것,100,g,68
쌀겨기름(미강유),100,g,921
총각무_전체_생것,100,g,22
은행_볶은것,100,g,221
오이_개량종_생것,100,g,14
감펭류_홍감펭_육_생것,100,g,120
소고기_한우(1+등급)_설도(설깃머리살)_생것,100,g,211
애느타리버섯_생것,100,g,16
설탕_분말화한것,100,g,389
돼지 부산물_대장_생것,100,g,227
소 부산물_신장_생것,100,g,99
배_신고_생것,100,g,46
부추_재래종_데친것,100,g,20
때죽_말린것,100,g,551
개암(헤이즐넛)_말린것,100,g,628
취나물_참취_생것,100,g,51
삼씨(대마씨)_말린것,100,g,450
미역류_미역_줄기_튀긴것,100,g,314
전분_쌀_분말화한것,100,g,375
된장_ 보리,100,g,164
소 부산물_골_생것,100,g,123
고구마_점질(호박) 고구마_찐것,100,g,157
소고기_한우(2등급)_양지(앞치마살)_생것,100,g,254
굴류_참굴_육_생것,100,g,92
구기자차_추출,100,ml,1
고둥류_명주매물고둥_내장_생것,100,g,200
바지락_육_장류를 넣고 가열하여 조린것,100,g,261
총각무_뿌리_생것,100,g,25
새우류_새우_육_말린것을 볶은것,100,g,380
소고기_한우_채끝(채끝살)_생것,100,g,126
표고버섯_대_데친것,100,g,32
메밀_도정_분말화한것,100,g,374
토란대_줄기_말린것을 데친것,100,g,20
다랑어류_참다랑어_전체_생것,100,g,155
소고기_한우(2등급)_등심(꽃등심살)_생것,100,g,301
돼지 부산물_신장_생것,100,g,110
국화꽃_말린것,100,g,283
포도_캠벨얼리_껍질 포함_생것,100,g,51
상추_치마상추_적상추_생것,100,g,23
설탕_흑설탕,100,g,379
오이_겨울살이청장_생것,100,g,13
순무_전체_생것,100,g,27
가자미류_갈가자미_육_생것,100,g,90
돼지 부산물_족발_생것,100,g,212
파래류_파래_전체_생것,100,g,19
멥쌀_설갱_현미_생것,100,g,356
고추_재래종_풋고추_생것,100,g,26
고둥류_명주매물고둥_육_찐것,100,g,124
밤_생것,100,g,153
꽃송이버섯_데친것,100,g,22
방어류_방어_육_구운것,100,g,289
토끼고기_살코기_삶은것,100,g,203
코끼리조개_전체_생것,100,g,103
물냉이_생것,100,g,23
대구류_육_말린것(포),100,g,312
가자미류_참가자미_육_찐것,100,g,171
고려엉겅퀴(곤드레)_재래종_잎_생것,100,g,32
소고기_한우(3등급)_양지(양지머리)_생것,100,g,104
아욱_생것,100,g,37
오디_생것,100,g,56
멧돼지고기_생것,100,g,249
새우류_젓새우_육_생것,100,g,62
연어류_연어_전체_훈제_수입(프랑스),100,g,225
마늘_구근_데친것,100,g,135
문어류_문어_다리_생것,100,g,79
질경이_데친것,100,g,45
사과_감홍_생것,100,g,51
은어_내장_젓갈,100,g,139
멥쌀_고아미2호_백미_생것,100,g,362
소금_천일염_가는소금,100,g,24
표고버섯_재배_데친것,100,g,18
소고기_한우(1++등급)_등심(윗등심살)_생것,100,g,335
연어류_연어_육_통조림,100,g,186
머위_삶은것,100,g,28
고추_꽈리고추_생것,100,g,33
파프리카_ 가루,100,g,520
홍차_추출,100,ml,2
오징어류_살오징어_다리_구운것,100,g,196
멥쌀_호품벼_현미_생것,100,g,343
고비_재배_생것,100,g,28
소고기_한우(2등급)_사태(뒷사태)_생것,100,g,158
염교(락교)_식초에 절인것,100,g,93
대합류_대합_육_찐것,100,g,152
귀리밥_도정,100,g,218
날치_육_소금에 절여 저장한것,100,g,138
대추_말린것,100,g,276
소고기_한우(2등급)_앞다리(부채살)_생것,100,g,219
바질_잎_데친것,100,g,34
꾸지뽕_열매_생것,100,g,74
중멸_육_데쳐서 말린것,100,g,232
팽이버섯_구운것(팬),100,g,29
옥수수_분말화한것,100,g,364
머루_껍질+씨포함_생것,100,g,79
소고기_한우(3등급)_등심_생것,100,g,117
참깨_검정깨_볶은것,100,g,539
소고기_한우(1++등급)_우둔(홍두깨살)_생것,100,g,189
게류_금강참게_육_생것_광양,100,g,167
배_원황_생것,100,g,46
감자_ 자색_ 찐것,100,g,85
갯기름나물_노지_데친것,100,g,44
파래류_가시파래_전체_생것,100,g,14
땅콩_소립종_말린것,100,g,564
고추_오이고추_생것,100,g,23
오리알_난황_생것,100,g,351
빙어류_빙어_육_삶아서 말린것,100,g,210
질경이_생것,100,g,48
전분_옥수수+밀_분말화한것,100,g,379
시금치_하우스_데친것,100,g,32
큰느타리버섯(새송이버섯)_말린것(자연건조),100,g,171
고둥류_피뿔고둥_육_생것,100,g,102
결명자차_말린것,100,g,391
다시마류_용다시마_전체_생것_강릉_1월,100,g,11
점줄우럭_육_구운것,100,g,131
도라지_뿌리_데친것,100,g,49
소고기_한우(1등급)_안심(안심살)_생것,100,g,205
망고_애플망고_생것,100,g,57
돼지고기_앞다리(수육용)_삶은것,100,g,310
오징어류_한치_육_생것,100,g,90
염교(락교)_뿌리줄기_생것,100,g,83
전갱이_육_조미하여 반정도 말린것,100,g,167
물쑥_생것,100,g,36
사과차_추출,100,ml,167
감자_자심_생것,100,g,64
소고기_한우(1++등급)_양지(치마살)_생것,100,g,275
멍게류_멍게(우렁쉥이)_육_생것,100,g,44
오징어류_오징어_육_조미훈제,100,g,228
멥쌀_해들_백미_생것,100,g,365
소고기_한우(2등급)_안심(안심살)_생것,100,g,207
닭고기_넓적다리_구운것(팬),100,g,238
귤_천혜향_생것,100,g,41
돼지고기_앞다리(수육용)_생것,100,g,274
계피차_분말화한것,100,g,357
아주까리_잎_생것,100,g,82
고둥류_관절매물고둥(보라골뱅이)_육_생것,100,g,104
송아지 부산물_수입산(미국산)_신장_삶은것,100,g,163
콩기름,100,g,921
꿀풀(하고초)_말린것,100,g,309
날치_알_생것,100,g,104
돼지고기_앞다리(항정살)_생것,100,g,307
대멸_육_데쳐서 말린것,100,g,303
모자반류_큰잎모자반_전체_생것_기장,100,g,43
전복류_전복_육_튀긴것,100,g,210
귀리밥_쌀귀리+조양_도정,100,g,221
오미자차_말린것,100,g,371
렌즈콩(렌틸콩)_수입산(인도산)_빨간색_말린것,100,g,359
들깨_잎_찐것,100,g,37
보리_겉보리_도정_생것,100,g,349
롱안_생것,100,g,60
옥수수_항금맛찰_생것,100,g,114
보리_쌀보리_순_생것,100,g,24
소고기_한우(2등급)_사태(뭉치사태)_생것,100,g,145
밤_대보_구운것,100,g,183
고추_시레나_초록색_생것,100,g,23
바지락_육_조미통조림,100,g,118
밀_신미찰밀_도정_생것,100,g,334
유채_잎_데친것,100,g,29
영지버섯_추출,100,ml,0
아티초크_얼린것,100,g,38
양파_데친것,100,g,28
상추_치마상추_청상추_생것,100,g,20
상어류_돔발상어_알_생것,100,g,329
멸치_육_젓갈,100,g,106
목이버섯_데친것,100,g,13
횟대류_도치_육_생것,100,g,69
멧돼지고기_앞다리_생것,100,g,191
강낭콩_말린것을 삶은것,100,g,169
양송이버섯_말린것(자연건조),100,g,166
포도즙_천연과즙,100,g,48
새우류_줄새우_전체_생것,100,g,92
토마토_대저_데친것,100,g,26
소고기_한우(2등급)_우둔(홍두깨살)_생것,100,g,138
팥_검정팥+검구슬_말린것,100,g,336
쏨뱅이류_주먹물수베기_육_생것,100,g,106
파인애플_구운것(팬),100,g,62
청멸_전체_말린것,100,g,544
양송이버섯_분말화한것,100,g,176
아이비카_말린것,100,g,260
돔류_옥돔_육_구운것,100,g,122
소고기_한우(2등급)_등심(윗등심살)_생것,100,g,272
포도_두누리_생것,100,g,57
뽕잎_ 가루,100,g,299
소 부산물_꼬리_생것,100,g,252
소고기_한우(1등급)_사태(뒷사태)_생것,100,g,161
모자반류_모자반_줄기_생것,100,g,18
기장_찰기장+이백찰_도정_생것,100,g,373
메추리알_난백_삶은것,100,g,50
양배추_찐것,100,g,28
파스타_스파게티_말린것,100,g,365
배추_가을 재배_소금에 절인것,100,g,19
고춧잎_잎_삶아서 말린것을 삶은것,100,g,41
목화씨_구운것,100,g,506
옥수수_강다옥_말린것,100,g,361
갯가재류_갯가재_육_생것,100,g,105
상추_축면상추_적상추_생것,100,g,15
팥_팥+황백+흰구슬_말린것,100,g,348
꼴뚜기류_창꼴뚜기_몸통_구운것,100,g,165
마_장마_생것,100,g,45
송아지 부산물_수입산(미국산)_골_삶은것,100,g,136
소고기_한우(2등급)_채끝(채끝살)_생것,100,g,245
보리_볶은것,100,g,360
밤버섯_생것,100,g,17
대구류_간_조린것,100,g,100
메밀_도정_생것,100,g,363
소고기_한우(1++등급)_등심_생것,100,g,349
순무_잎_생것,100,g,21
오징어류_갈고리흰오징어_몸통_생것,100,g,60
산자나무 열매(씨벅톤)_생것,100,g,70
국수_소면_말린것을 삶은것,100,g,126
시금치_섬초_데친것,100,g,32
돼지고기_살코기_생것,100,g,203
미역류_미역_귀_생것,100,g,10
뱅어_전체_말린것(포),100,g,365
다시마류_참다시마_전체_말린것_해남_7월,100,g,145
귀리밥_쌀귀리+대양_도정,100,g,215
케일_로얄채_생것,100,g,49
멥쌀_도담쌀_백미_생것,100,g,360
돼지고기_앞다리(앞다리살)_생것,100,g,161
다래나무순차_추출,100,ml,1
쇠기름,100,g,869
가자미류_참가자미_육_구운것,100,g,150
감말랭이_청도반시_말린것,100,g,217
토란대_ 줄기_ 데친것,100,g,20
인삼_수삼_생것,100,g,90
틸라피아_육_구운것,100,g,144
파프리카(착색단고추)_빨간색_데친것,100,g,28
은어_내장_생것,100,g,200
콩나물_생것,100,g,43
소고기_한우(1등급)_채끝(채끝살)_생것,100,g,230
대구류_육_구운것,100,g,106
찹쌀_백진주_현미_생것,100,g,358
거위고기_살코기_생것,100,g,161
게류_꽃게_육_삶은것,100,g,81
꼬막류_피조개_전체_생것,100,g,86
전복류_전복_육_통조림,100,g,107
넙치류_넙치(광어)_전체_조리예에 따라 조리한것,100,g,113
연어류_연어_전체_조린것,100,g,157
참죽나물(가죽나물)_데친것,100,g,43
은어_내장_구운것,100,g,179
소고기_한우(1++등급)_양지(차돌박이)_생것,100,g,342
무화과_승정도후인_생것,100,g,52
구기자_재래종_열매_생것,100,g,69
소고기_한우(1++등급)_양지(앞치마살)_생것,100,g,351
세발나물_생것,100,g,18
소고기_한우(1+등급)_설도_생것,100,g,191
블랙베리_생것,100,g,43
보리밥_흑수청찰,100,g,150
고구마_구운것,100,g,188
소고기_한우(1등급)_갈비(안창살)_생것,100,g,293
멥쌀_신동진_백미_생것,100,g,361
분유,100,g,498
멥쌀 국수_말린것을 삶은것,100,g,132
적양무_어린잎_생것,100,g,19
무말랭이_뿌리_말린것,100,g,282
호박_늙은호박_데친것,100,g,30
성대류_별성대_육_생것,100,g,91
갯기름나물_하우스_어린잎_데친것,100,g,47
마늘_구근_구운것,100,g,169
소고기_한우(1+등급)_앞다리(부채덮개살)_생것,100,g,161
틸라피아_육_생것,100,g,97
멥쌀_예찬_현미_생것,100,g,356
돌나물_생것,100,g,15
양파_썬파워_생것,100,g,32
연어류_스틸레드연어_육_생것,100,g,175
오징어류_오징어_육_생것,100,g,104
당근_뿌리_생것,100,g,31
다시마류_참다시마_전체_생것_해남_7월,100,g,18
멥쌀_일미벼_현미_생것,100,g,354
미나리_돌미나리_데친것,100,g,18
마늘_구근_말린것,100,g,333
귤_일남1호_생것,100,g,33
오미자_생것,100,g,81
번데기(누에)_생것,100,g,126
돼지 부산물_간_생것,100,g,134
무_조선무_뿌리_데친것,100,g,21
소고기_한우(1등급)_앞다리(꾸리살)_생것,100,g,157
꽁치_육_구운것,100,g,312
조_차조+경관1호_도정_생것,100,g,376
두릅_참두릅_줄기_생것,100,g,33
백향과(패션프루트) 주스_황색과육,100,g,60
수수_찰수수_도정_생것,100,g,368
용과_적육종_생것,100,g,45
혼합식물성유,100,g,886
해삼_내장_젓갈,100,g,45
양파_자색 양파_생것,100,g,29
다랑어류_가다랑어_육_추출,100,g,2
딸기_설향_생것,100,g,34
황소개구리_육_생것,100,g,75
아욱_데친것,100,g,31
고구마_말린것,100,g,312
소고기_한우(1++등급)_사태(뭉치사태)_생것,100,g,167
조_차조+황미찰_도정_생것,100,g,371
오리알_난백_생것,100,g,52
도라지_뿌리_말린것,100,g,324
옥수수_안다옥_말린것,100,g,356
민들레_생것,100,g,29
인삼_홍삼_추출,100,ml,15
렌즈콩(렌틸콩)_수입산(인도산)_빨간색_말린것을 삶은 것,100,g,150
삼채_잎_생것,100,g,24
갈치류_등가시치_육_생것,100,g,88
소고기_한우(1등급)_갈비_생것,100,g,376
돼지고기_삼겹살(오돌삼겹)_생것,100,g,325
연어류_홍연어_육_통조림,100,g,147
성게류_성게_알_젓갈,100,g,115
마늘_구근_동결건조한것,100,g,330
소고기_한우_등심_삶은것,100,g,357
머루_개량종_껍질+씨포함_생것,100,g,83
소고기_한우(1+등급)_양지(업진안살)_생것,100,g,305
굴류_석굴_육_생것,100,g,71
옥수수_신광옥_말린것,100,g,354
찹쌀 국수_흑미찰국수_말린것,100,g,334
노루궁뎅이버섯_말린것,100,g,179
소고기_한우(1+등급)_양지(치마살)_생것,100,g,241
흰점박이 꽃무지_유충_생것,100,g,122
넙치류_킹넙치_알_생것,100,g,41
새우류_대하_육_생것,100,g,82
호두_말린것,100,g,688
카모마일차_추출,100,ml,1
고둥류_피뿔고둥_육_구운것,100,g,138
호박즙_천연과즙,100,g,21
명태_내장_젓갈(창난젓),100,g,116
땅콩_대립종_말린것,100,g,571
소고기_한우(1등급)_양지(업진안살)_생것,100,g,269
멥쌀밥_새추청벼_백미,100,g,153
연근_데친것,100,g,62
방울다다기양배추_데친것,100,g,41
마_장마_삶은것,100,g,49
생강_수입산(중국산)_뿌리줄기_생것,100,g,38
파래류_가시파래_전체_말린것,100,g,161
찹쌀_흑미_생것,100,g,362
멥쌀_일품_현미_생것,100,g,357
소고기_수입산(미국산)_갈비_구운것(오븐),100,g,400
송어류_송어_육_통조림,100,g,152
해삼_육_젓갈,100,g,36
부지갱이(섬쑥부쟁이)_생것,100,g,30
키위_그린_생것,100,g,66
갯기름나물_노지_어린잎_생것,100,g,53
콩(대두)_노란콩_말린것,100,g,409
파프리카(착색단고추)_빨간색_생것,100,g,26
멥쌀_한아름4호_현미_생것,100,g,363
소고기_한우(1+등급)_우둔(홍두깨살)_생것,100,g,160
열무_생것,100,g,14
아티초크_얼린것을 삶은것,100,g,45
포도_레드글로브_껍질 포함_생것,100,g,57
레몬그라스(시트로넬라)_생것,100,g,99
상어류_곱상어_육_생것,100,g,164
애플수박_S-비너스_생것,100,g,40
파래류_파래_줄기_생것,100,g,12
상어류_돔발상어_육_생것,100,g,85
딸기_죽향_생것,100,g,34
멥쌀밥_밭벼_백미,100,g,157
꼬막류_새꼬막_육_생것,100,g,82
모자반류_모자반_전체_데친것,100,g,17
팥_검정팥_삶은것,100,g,156
표고버섯_대_말린것을 삶은것,100,g,31
소고기_한우(1등급)_목심(목심살)_생것,100,g,204
멥쌀_골든퀸3호_현미_생것,100,g,357
멍게류_유령멍게_육_생것,100,g,15
청어_알_소금에 절여 저장한것,100,g,89
다랑어류_참다랑어_육_생것,100,g,196
섬초롱_생것,100,g,41
상추_모스트청쌈_청쌍추_생것,100,g,15
전복류_전복_육_조미통조림,100,g,145
고등어류_고등어_육_훈제,100,g,301
녹두묵,100,g,40
소라류_참소라_전체_생것_거문도,100,g,93
멥쌀_한가루_현미_생것,100,g,361
멥쌀_해품_백미_생것,100,g,362
녹두 국수_말린것,100,g,344
산양유,100,g,62
돼지고기_삼겹살(삼겹살)_생것,100,g,392
수리취(떡취)_생것,100,g,64
꽃송이버섯_말린것,100,g,182
소고기_한우(1등급)_등심(살치살)_생것,100,g,319
상추_풍성_청상추_생것,100,g,10
소고기_한우(2등급)_사태(앞사태)_생것,100,g,148
소고기_한우(2등급)_우둔_생것,100,g,153
구기자_재래종_잎_생것,100,g,56
소고기_한우(1등급)_양지_생것,100,g,248
양배추_적양배추_싹_생것,100,g,39
장어류_뱀장어_육_구운것,100,g,262
포도_마스캇함브르그_생것,100,g,66
코리아타임_말린것,100,g,378
멥쌀_영호진미_현미_생것,100,g,363
조_메조+다황메_도정_생것,100,g,374
멥쌀밥_쪄서 말린것,100,g,373
꾸지뽕_잎_삶은것,100,g,61
송아지 부산물_수입산(미국산)_간_삶은것,100,g,192
국화꽃_데친것,100,g,21
콩(대두)_서리태_말린것,100,g,413
소고기_한우(2등급)_양지(업진안살)_생것,100,g,224
마늘_난지형_구근_얼린것,100,g,131
파래류_파래_줄기_말린것,100,g,223
쑥차_말린것,100,g,338
시금치_생것,100,g,29
순채_순채_줄기_생것_창원_5월,100,g,25
밥_옥광_구운것,100,g,175
비트_뿌리_데친것,100,g,23
시금치_섬초_생것,100,g,24
닭 부산물_심장(염통)_생것,100,g,153
어린양고기_수입산(미국산)_다리_생것,100,g,201
소고기_한우(1+등급)_설도(설깃살)_생것,100,g,207
돼지고기_삼겹살(갈매기살)_생것,100,g,190
마늘_수입산(중국산)_구근_생것,100,g,120
홍합류_지중해담치_육_찐것,100,g,146
옥수수_항금맛찰_삶은것,100,g,118
밀_금강밀_도정_생것,100,g,329
미나리_물미나리_데친것,100,g,20
배추_여름 재배_생것,100,g,17
볼락류_장문볼락_육_구운것,100,g,107
대구류_빨간대구_육_생것,100,g,108
돔류_참돔_육_구운것,100,g,206
백합_뿌리_생것,100,g,118
둥굴레_잎_생것,100,g,52
밀_강력밀가루_분말화한것,100,g,334
상추_뚝섬적축면_적상추_생것,100,g,14
홍어류_홍어_육_생것,100,g,87
연어류_연어_전체_훈제_수입(노르웨이),100,g,178
아마란스_빨간색_말린것,100,g,381
꼴뚜기류_불똥꼴뚜기_육_삶은것,100,g,101
인삼_백삼_말린것,100,g,316
감자_수미_생것,100,g,70
선인장_보검선인장_줄기_생것,100,g,34
진두발_전체_생것_3월,100,g,43
동아_데친것,100,g,15
바셀라_데친것,100,g,12
귤_황금향_생것,100,g,40
달걀_삶은것,100,g,145
목이버섯_흰백목이_데친것,100,g,18
귤_궁천조생+노지_생것,100,g,39
라임_생것,100,g,30
보리멸류_보리멸_육_얼린것,100,g,109
오징어류_오징어_육_젓갈,100,g,77
매생이_전체_말린것,100,g,159
민어_육_구운것,100,g,111
오징어류_화살오징어_전체_생것,100,g,93
엉겅퀴_삶아서 말린것,100,g,279
청어_육_삶아서 말린것,100,g,137
도토리_종가시도토리_분말화한것,100,g,348
꼴뚜기류_창꼴뚜기_다리_생것,100,g,80
멥쌀_쌀눈_생것,100,g,441
콩잎_잎_생것,100,g,94
돼지 부산물_소장(곱창)_삶은것,100,g,233
소고기_한우(1++등급)_양지_생것,100,g,288
가리비류_가리비_육_생것,100,g,89
포도_청포도(청수)_생것,100,g,65
멥쌀_설갱_백미_생것,100,g,363
장어류_뱀장어_육_생것,100,g,223
파래류_가시파래_줄기_말린것_3월,100,g,136
동충하초_누에동충하초_생것,100,g,27
마늘종_꽃줄기_데친것,100,g,59
완두_말린것을 삶은것,100,g,174
곰취_생것,100,g,32
정어리_육_소금에 절여 말린것,100,g,209
자두_생것,100,g,26
옥수수_고당옥1호_생것,100,g,108
지누아릿과류_도박_전체_생것_3월,100,g,39
파래류_창자파래_줄기_말린것,100,g,158
두릅_참두릅_잎_생것,100,g,46
소고기_한우(1++등급)_등심(아래등심살)_생것,100,g,348
송아지고기_수입산(미국산)_채끝(채끝살)_구운것(오븐),100,g,202
아떼모야_생것,100,g,73
귀리_쌀귀리_도정_생것,100,g,371
키조개_육_구운것,100,g,170
병아리콩_수입산(인도산)_말린것을 삶은 것,100,g,183
대구류_육_소금에 절여 반정도 말린것,100,g,223
도토리_생것,100,g,230
기름종개류_미꾸리_전체_생것,100,g,115
두릅_참두릅_줄기_데친것,100,g,28
국수_칼국수_반정도 말린것,100,g,281
포도_거봉_껍질 포함_생것,100,g,68
석류_생것,100,g,77
송어류_송어_전체_튀긴것,100,g,117
옥수수_단옥3호_삶은것,100,g,134
원추리_데친것,100,g,28
갈색 거저리_유충_말린것,100,g,537
해삼_육_생것,100,g,25
솔잎_생것,100,g,161
토란_생것,100,g,71
토스카노(잎브로콜리)_생것,100,g,40
고구마_신자미_생것,100,g,107
녹차_장군차_말린것,100,g,361
국수_소면_말린것,100,g,370
넙치류_넙치(광어)_알_생것,100,g,33
정어리_육_구운것,100,g,221
거위 부산물_간_생것,100,g,133
옥수수_일미찰_생것,100,g,126
보리_큰알보리_순_생것,100,g,24
오징어류_오징어_전체_생것_수입(스페인),100,g,73
밀_중력밀가루_분말화한것,100,g,375
월계수_잎_말린것,100,g,313
녹차_인동녹차_말린것,100,g,329
피망_초록색_생것,100,g,22
배추_가을 재배_삶은것,100,g,16
둑중개_육_삶은것,100,g,120
민들레차,100,g,0
브로콜리_삶은것,100,g,30
씀바귀_뿌리_생것,100,g,71
전분_옥수수_분말화한것,100,g,366
소귀나무 열매_생것,100,g,24
송아지고기_수입산(미국산)_채끝(채끝살)_생것,100,g,152
새우류_꽃새우_육_찐것,100,g,132
전복류_전복_육_젓갈,100,g,107
멥쌀_통일벼_백미_생것,100,g,375
넙치류_넙치(광어)_전체_말린것_수입(미국),100,g,111
초석잠_뿌리_생것,100,g,76
김류_김밥용김_전체_말린것,100,g,202
포도_스텔라_껍질 포함_생것,100,g,50
송아지고기_수입산(미국산)_살코기_생것,100,g,105
싸리버섯_생것,100,g,20
연어류_연어_알_생것,100,g,250
송어류_송어_전체_생것,100,g,175
보리_흑수청찰_조곡_생것,100,g,349
뽕잎_삶은것,100,g,48
대추차_추출,100,ml,75
돼지고기_삼겹살(등갈비)_생것,100,g,237
성게류_성게_육_통조림,100,g,153
꽃양배추(콜리플라워)_생것,100,g,27
소고기_한우(1++등급)_양지(업진안살)_생것,100,g,321
고비_야생_생것,100,g,28
닭고기_토종_날개,100,g,122
잎새버섯_생것,100,g,13
콩(대두)_흑태_볶은것,100,g,446
보리_서둔찰보리_도정_생것,100,g,354
냉이_데친것,100,g,40
완두_삶은것,100,g,122
블랙커런트_생것,100,g,63
톳_줄기_데친것,100,g,35
보리밥_호강,100,g,146
들깨_말린것,100,g,530
소 부산물_혀_생것,100,g,191
보리_큰알보리1호_조곡_생것,100,g,345
비트_뿌리_생것,100,g,26
블루베리_얼린것,100,g,41
생강_ 가루,100,g,385
상황버섯_추출,100,ml,3
상추_버터헤드_청쌍추_생것,100,g,11
소고기_한우(1+등급)_사태_생것,100,g,156
느타리버섯_청느타리버섯_생것,100,g,18
돼지고기_앞다리(꾸리살)_생것,100,g,135
정어리_육_말린것,100,g,371
느타리버섯_생것,100,g,15
아보카도유,100,g,917
새조개_육_조미하여 말린것,100,g,333
오징어류_오징어_전체_삶은것,100,g,80
공심채_데친것,100,g,18
거위고기_살코기_구운것,100,g,238
쇠귀나물_뿌리_생것,100,g,128
파래류_잎파래_전체_생것_해남,100,g,23
은행_생것,100,g,203
구기자차_말린것,100,g,384
방울다다기양배추_찐것,100,g,44
강낭콩_말린것,100,g,350
유자_껍질_생것,100,g,55
연어류_대서양연어_육_생것,100,g,120
오징어류_오징어_육_조미하여 말린것(포),100,g,311
토끼고기_살코기_생것,100,g,161
소고기_한우(1등급)_설도(도가니살)_생것,100,g,163
멥쌀_남찬_백미_생것,100,g,366
보리멸류_보리멸_육_생것,100,g,93
다시마류_다시마_줄기_소금에 절여 저장한것,100,g,18
멥쌀_도담쌀_현미_생것,100,g,356
소고기_한우(2등급)_양지(치마살)_생것,100,g,206
멥쌀_적진주_현미_생것,100,g,360
도라지차,100,g,22
다랑어류_황다랑어_전체_생것,100,g,108
둑중개_육_조린것,100,g,325
돼지고기_안심(안심살)_구운것(팬),100,g,172
포도_청포도(샤인머스켓)_껍질 포함_생것,100,g,66
포도_나르샤_껍질 포함_생것,100,g,58
참외_씨 포함_생것,100,g,43
수수_통수수_생것,100,g,360
콩(대두)_수입산(미국산)_말린것,100,g,432
대구류_알_삶은것,100,g,142
삼채_잎줄기_생것,100,g,23
닭고기_살코기_삶은것,100,g,142
멥쌀밥_오대_백미,100,g,151
미나리_물미나리_잎_생것,100,g,30
전분_밀_분말화한것,100,g,360
고등어류_고등어_육_소금에 절여 말린것,100,g,171
무화과_수입산_말린것,100,g,319
삼붕냐와_생것,100,g,27
뽕잎_삶아서 말린것,100,g,279
장어류_자포뱀장어_육_생것,100,g,261
비트_어린잎_생것,100,g,21
톳_줄기_생것,100,g,16
두릅_땅두릅_잎_생것,100,g,43
홑잎나물_순_데친것,100,g,78
깨소금_ 가루_ 볶은것,100,g,638
김류_초밥김_전체_말린것,100,g,168
가시오가피_순_데친것,100,g,63
대구류_알_생것,100,g,117
흰점박이 꽃무지_유충_말린것,100,g,463
새우류_젓새우_전체_젓갈(추젓),100,g,60
목해삼_알_생것,100,g,33
체리_생것,100,g,67
도라지_순_생것,100,g,51
양배추_적양배추_찐것,100,g,32
양배추_데친것,100,g,32
코코넛_말린것,100,g,660
삼치류_평삼치_육_생것,100,g,134
문어류_세발낙지_육_생것,100,g,61
느타리버섯_여름느타리버섯_생것,100,g,21
꼬막류_피조개_육_통조림,100,g,128
호박씨_말린것,100,g,548
부추_산부추_생것,100,g,41
비타민채(다채)_생것,100,g,14
도토리_졸참도토리_분말화한것,100,g,342
호박_애호박_생것,100,g,22
염소고기_생것,100,g,181
칠면조고기_수입산(미국산)_생것,100,g,144
꼬막류_꼬막_육_찐것,100,g,169
소고기_한우_갈비_생것,100,g,307
눈퉁멸_육_말린것(포),100,g,382
국수_중면_말린것,100,g,366
천마_생것,100,g,77
꽃양배추(콜리플라워)_데친것,100,g,26
고려엉겅퀴(곤드레)_재배_말린것을 삶은 것,100,g,40
고둥류_피뿔고둥_육_찐것,100,g,127
바지락_육_생것,100,g,82
울금_뿌리줄기_생것,100,g,87
메뚜기_성충_생것,100,g,125
엉겅퀴_말린것,100,g,267
멸치_육_기름담금 통조림,100,g,189
소고기_한우(2등급)_우둔(우둔살)_생것,100,g,157
소고기_한우(1등급)_사태(상박살)_생것,100,g,185
다시마류_다시마_줄기_말린것_강릉,100,g,110
새우류_대하_육_말린것,100,g,400
옥수수_양안옥_말린것,100,g,358
참깨_흰깨_볶은것,100,g,557
고등어류_고등어_육_삶은것,100,g,281
달래_삶은것,100,g,58
고구마_분질(밤) 고구마_구운것,100,g,189
소리쟁이_잎_말린것,100,g,259
밴댕이_육_생것,100,g,225
귀리_쌀귀리+조양_도정_생것,100,g,390
양배추_생것,100,g,29
소고기_한우(1+등급)_설도(도가니살)_생것,100,g,171
꼴뚜기류_참꼴뚜기_육_삶아서 말린것,100,g,286
달걀_유정란_생것,100,g,156
콩(대두)_노란콩_볶은것,100,g,444
소고기_한우(1++등급)_설도(설깃머리살)_생것,100,g,245
잔대_순_생것,100,g,55
인삼_홍삼_말린것,100,g,309
방어류_방어_육_훈제통조림,100,g,346
국화차_추출,100,ml,0
간장_재래,100,g,34
콩(대두)_청자3호_볶은것,100,g,452
어린양 부산물_수입산(미국산)_간_생것,100,g,139
미나리_물미나리_생것,100,g,18
잡뼈국물,100,g,28
참기름,100,g,920
멥쌀_삼광_백미_생것,100,g,367
모시풀_잎_삶은것,100,g,49
옥수수기름,100,g,919
커피_원두_에스프레소_용액,100,ml,22
제비쑥_생것,100,g,35
아몬드_말린것,100,g,581
고들빼기_생것,100,g,29
죽순_순_생것,100,g,24
갓_생것,100,g,36
참죽나물(가죽나물)_생것,100,g,47
장어류_갈창갯장어_육_생것,100,g,125
귤_한라봉_생것,100,g,50
갯기름나물_생것,100,g,47
토란_찐것,100,g,76
닭고기_영계_삶은것,100,g,251
해바라기_싹_생것,100,g,9
표고버섯_전체_말린것,100,g,180
유채_서양종_잎줄기_데친것,100,g,30
돼지고기_뒷다리(도가니살)_생것,100,g,130
멜론_감로_생것,100,g,21
소고기_수입산(미국산)_목심(목심살)_생것,100,g,268
멥쌀밥_백미,100,g,146
갯가재류_갯가재_육_삶은것,100,g,99
가자미류_기름가자미_알_생것,100,g,104
더덕_뿌리_생것,100,g,89
알팔파_싹_생것,100,g,21
찹쌀_동진찰벼_백미_생것,100,g,363
게류_붉은대게_육_생것,100,g,48
피망_빨간색_데친것,100,g,33
호박_국수호박_생것,100,g,18
용과_백육종_생것,100,g,44
돼지고기_갈비_생것,100,g,236
상어류_청새리상어_육_생것,100,g,101
꼬막류_피조개_육_구운것,100,g,179
조_메조+조황메_도정_생것,100,g,373
소고기_한우(1+등급)_갈비(안창살)_생것,100,g,313
엄나무(개두릅)_잎_생것,100,g,41
케일_적꽃케일_생것,100,g,31
대합류_대합_육_구운것,100,g,148
매생이_전체_생것,100,g,13
옥수수_고당옥1호_삶은것,100,g,108
뽕나무버섯_재배_갓_말린것,100,g,192
고추냉이_잎줄기_생것,100,g,27
면실유,100,g,883
아귀류_아귀_육_생것,100,g,63
멥쌀_해품_현미_생것,100,g,349
돼지감자_말린것,100,g,172
소고기_한우(2등급)_갈비_생것,100,g,306
갯강구_육_생것,100,g,295
배추_가을 재배_생것,100,g,17
밴댕이_육_삶아서 말린것,100,g,335
아위버섯_생것,100,g,26
소고기_한우(1+등급)_사태(뭉치사태)_생것,100,g,138
호밀_통호밀_생것,100,g,334
망둑어류_문절망둑_육_장류를 넣고 가열하여 조린것,100,g,275
멥쌀밥_누룽지,100,g,393
소고기_한우(1++등급)_양지(치마양지)_생것,100,g,253
소고기_한우(1++등급)_사태(아롱사태)_생것,100,g,233
으깬감자,100,g,83
돼지고기_삼겹살(삼겹살)_삶은것,100,g,427
키위_골드_생것,100,g,54
옥수수_순_생것,100,g,40
오징어류_오징어_전체_통조림,100,g,89
멥쌀_밭벼_칠분도미_생것,100,g,359
꿀_아카시아,100,g,308
송아지고기_수입산(미국산)_채끝(채끝살)_삶은것,100,g,252
고구마_잎_생것,100,g,47
우뭇가사리류_우뭇가사리_줄기_우무(우뭇가사리를 끓여 굳힌것),100,g,2
완두_말린것,100,g,363
박_씨 포함_생것,100,g,32
멥쌀밥_밭벼_현미,100,g,156
파슬리_생것,100,g,20
배추우거지_생것,100,g,18
엄나무(개두릅)_잎_데친것,100,g,37
포도_델라웨어_생것,100,g,67
고사리_삶아서 말린것,100,g,273
소고기_한우(2등급)_목심(목심살)_생것,100,g,194
딸기_킹스베리_생것,100,g,31
꼬막류_꼬막_육_말린것,100,g,441
장어류_무태뱀장어_육_생것,100,g,181
달걀_난백_생것,100,g,50
소 부산물_선지(피)_생것,100,g,51
매생이_전체_생것_장흥,100,g,17
배추_알배기_생것,100,g,15
부추_호부추_데친것,100,g,32
돼지고기_뒷다리(보섭살)_생것,100,g,138
동자개(빠가사리)_육_생것,100,g,117
자운영_생것,100,g,40
"양식 송어",100,g,55
횟대류_대구횟대_육_생것,100,g,93
멸치_육_추출,100,g,0
돼지 부산물_자궁_생것,100,g,73
로즈마리_말린것,100,g,331
배추_여름 재배_소금에 절인것,100,g,17
멥쌀_일품_백미_생것,100,g,367
쥐치류_쥐치_육_생것,100,g,83
쌈추_생것,100,g,25
송아지고기_수입산(미국산)_등심_생것,100,g,177
포도씨유,100,g,920
두릅_땅두릅_데친것,100,g,24
멥쌀_한가루_백미_생것,100,g,373
송아지 부산물_수입산(미국산)_혀_생것,100,g,131
오레가노_말린것,100,g,265
꽁치_육_소금에 절여 저장한것,100,g,198
파_생것,100,g,29
멥쌀_새추청벼_백미_생것,100,g,366
결명자차_추출,100,ml,0
브로콜리_잎_생것,100,g,38
산수유_열매_생것,100,g,112
유자,100,g,49
오징어류_살오징어_몸통_구운것,100,g,181
연어류_연어_전체_조리예에 따라 조리한것,100,g,205
바지락_육_젓갈,100,g,51
여주(고야)_생것,100,g,22
전갱이류_전갱이_육_소금에 절여 말린것,100,g,262
멥쌀_호품벼_백미_생것,100,g,354
만가닥버섯_데친것,100,g,19
닭 부산물_발_삶은것,100,g,215
리크_데친것,100,g,28
쥐치류_쥐치_육_조미하여 말린것(포),100,g,352
뽕잎_생것,100,g,65
플럼코트_생것,100,g,47
돼지 부산물_췌장_생것,100,g,154
가리비류_가리비_관자(패주)_생것,100,g,91
기름종개류_미꾸리_육_삶은것,100,g,84
소고기_한우(1등급)_양지(차돌박이)_생것,100,g,408
홍합류_진주담치_육_생것_충무,100,g,75
애기청각_전체_생것_3월,100,g,17
옥수수_단옥수수_생것,100,g,118
찹쌀_조생흑찰_흑미_생것,100,g,363
꼬막류_꼬막_육_구운것,100,g,153
소고기_한우(3등급)_설도(보섭살)_생것,100,g,108
호박_국수호박_데친것,100,g,16
다시마류_다시마_줄기_튀긴것,100,g,253
미역류_미역_전체_생것_3월,100,g,15
골든세이지_말린것,100,g,385
밀_카무트_수입산(미국산)_분말화한것,100,g,334
민들레_데친것,100,g,30
고비_야생_말린것을 삶은것,100,g,31
설탕_백설탕,100,g,387
복숭아_백도_생것,100,g,49
삼백초_잎_말린것,100,g,278
보리_겉보리_할맥,100,g,354
멥쌀_큰눈벼_백미_생것,100,g,375
들깨_잎_생것,100,g,47
소 부산물_양(위)_삶은것,100,g,166
소고기_한우(2등급)_등심(아래등심살)_생것,100,g,246
느타리버섯_말린것(자연건조),100,g,182
찹쌀_눈큰흑찰1호_흑미_생것,100,g,360
자몽(그레이프프루트)_생것,100,g,32
양파_찐것,100,g,31
메밀묵_생것,100,g,54
닭 부산물_심장(염통)_삶은것,100,g,185
밴댕이_육_젓갈,100,g,115
오렌지_착즙,100,g,32
큰느타리버섯(새송이버섯)_데친것,100,g,21
멥쌀_친들_현미_생것,100,g,353
미역류_미역_전체_말린것,100,g,120
마_둥근마_생것,100,g,152
크랜베리_말린것에 당류를 가한것,100,g,314
가리비류_가리비_육_말린것,100,g,387
오렌지_네블_생것,100,g,47
피망_초록색_데친것,100,g,23
소고기_한우(1++등급)_갈비(안창살)_생것,100,g,313
게르치류_게르치_육_삶은것,100,g,179
양파_레드프라임_생것,100,g,37
부지갱이(섬쑥부쟁이)_삶아서 말린것을 삶은것,100,g,48
감잎차_추출,100,ml,0
학공치_육_조미하여 말린것,100,g,361
시금치_포항초_생것,100,g,35
홍합류_참담치(홍합)_육_삶아서 말린것,100,g,391
장수풍뎅이_유충_말린것,100,g,502
붉은맛(큰죽합)_육_생것_충무,100,g,95
게류_꽃게_육_찐것,100,g,92
바리류_대왕붉바리_육_생것,100,g,142
농어류_농어_육_생것_충무,100,g,96
닭고기_날개_생것,100,g,178
송아지고기_수입산(미국산)_어깨_구운것,100,g,183
돔류_실붉돔_육_생것,100,g,112
소 부산물_천엽_생것,100,g,57
팽창제_효모_말린것,100,g,307
미역류_미역_전체_생것,100,g,16
양하_생것,100,g,13
배추_여름 재배_삶은것,100,g,17
비름_생것,100,g,23
치커리_치콘_생것,100,g,15
쇠귀나물_뿌리_데친것,100,g,129
호밀_분말화한것,100,g,324
무청_조선무_잎_생것,100,g,23
생연어(노르웨이),100,g,273
고구마_신율미_껍질제거_생것,100,g,164
보리밥 열매_말린것,100,g,354
후추_ 흰색_ 가루,100,g,374
당귀_참당귀_잎_생것,100,g,39
참죽나물(가죽나물)_삶아서 말린것을 삶은것,100,g,52
도토리_분말화한것,100,g,354
아몬드유,100,g,884
열대비름(아마란스)_잎_생것,100,g,45
소고기_한우(1등급)_우둔(홍두깨살)_생것,100,g,146
근대_생것,100,g,18
박대_육_말린것,100,g,147
메밀_싹_생것,100,g,24
소고기_한우(1등급)_갈비(꽃갈비)_생것,100,g,396
매생이_전체_말린것_장흥,100,g,160
옥수수_찰옥4호_생것,100,g,162
수수_찰수수+남풍찰_도정_생것,100,g,378
칡뿌리_생것,100,g,137
들깨_볶은것,100,g,530
소금,100,g,0
감자_수미_삶은것,100,g,76
보리차_추출,100,ml,0
고사리_말린것,100,g,261
계피_분말화한것,100,g,349
돼지 부산물_직장_생것,100,g,344
고둥류_명주매물고둥_육_생것,100,g,100
팥_붉은팥+서나_말린것,100,g,341
옥수수_찰옥수수_삶은것,100,g,136
멥쌀_일미벼_백미_생것,100,g,372
게걸무_뿌리_생것,100,g,59
누에_유충_분말화한것,100,g,482
국수_말린것을 삶은것,100,g,123
소고기_한우(1등급)_사태_생것,100,g,157
우엉_생것,100,g,69
우뭇가사리류_가사리_전체_생것_3월,100,g,27
소고기_한우(1등급)_설도(설깃머리살)_생것,100,g,197
소고기_한우(1+등급)_앞다리(부채살)_생것,100,g,251
고등어류_고등어_육_통조림,100,g,114
다슬기류_다슬기_육_생것,100,g,93
소고기_한우(1등급)_사태(뭉치사태)_생것,100,g,147
마늘_난지형_구근_구운것,100,g,147
멥쌀_수라벼_백미_생것,100,g,346
멥쌀_알찬미_백미_생것,100,g,374
돼지고기_삼겹살(삼겹살)_구운것(팬),100,g,484
갑오징어류_갑오징어_육_말린것,100,g,339
분유_전지,100,g,509
땅콩_말린것,100,g,520
감_단감+서촌조생_생것,100,g,62
금귤_생것,100,g,73
소고기_한우(1+등급)_우둔(우둔살)_생것,100,g,183
백향과(패션프루트) 주스_자색과육,100,g,51
목이버섯_흰백목이_생것,100,g,28
귤_하례조생+하우스_생것,100,g,44
양파_ 가루,100,g,354
멥쌀_골든퀸3호_백미_생것,100,g,354
종어_육_생것,100,g,74
해바라기씨_볶은것,100,g,582
닭고기_전체_튀긴것,100,g,274
뱅어_육_생것,100,g,68
메밀 국수_생것,100,g,291
배초향(방아)_잎_생것,100,g,55
넙치류_넙치(광어)_전체_생것_수입(미국),100,g,116
복숭아_천중도_생것,100,g,49
톳_전체_생것,100,g,19
호박_단호박_데친것,100,g,30
갯가재류_갯가재_내장_생것,100,g,89
청어_알_생것,100,g,113
목이버섯_생것,100,g,13
머위_생것,100,g,17
케일_생것,100,g,26
멥쌀_한아름4호_백미_생것,100,g,369
마늘_한지형_구근_구운것,100,g,184
연근_생것,100,g,75
멥쌀밥_삼광_백미,100,g,146
소고기_한우(3등급)_채끝(채끝살)_생것,100,g,113
돼지고기_삼겹살_생것,100,g,372
소고기_한우(2등급)_살코기_생것,100,g,214
포도_청포도(힘로드시드레스)_껍질 포함_생것,100,g,45
송아지 부산물_수입산(미국산)_허파_생것,100,g,90
멥쌀_친들_백미_생것,100,g,364
소고기_한우(1+등급)_갈비_생것,100,g,388
콩(대두)_대풍_말린것,100,g,405
소고기_한우(1+등급)_갈비(본갈비)_생것,100,g,388
다랑어류_참다랑어_육_구운것,100,g,204
새우류_꽃새우_육_생것,100,g,127
고래고기_생것,100,g,111
김류_모무늬돌김_전체_생것_해남_2월,100,g,45
멥쌀_향미벼_백미_생것,100,g,368
취나물_참취_삶아서 말린것을 데친것,100,g,49
쥐치류_말쥐치_육_조미하여 말린것(포),100,g,346
고둥류_피뿔고둥_내장_생것,100,g,130
매생이_줄기_생것,100,g,43
넙치류_넙치(광어)_육_생것,100,g,139
부추_재래종_생것,100,g,22
잉어_육_삶은것,100,g,211
파래류_갈파래_줄기_말린것,100,g,143
뽕잎_삶아서 말린것을 삶은것,100,g,51
복숭아_황도_생것,100,g,49
곶감_말린것,100,g,219
장어류_칠성장어_육_생것,100,g,287
참나물_재배_말린것,100,g,308
도토리 국수_말린것,100,g,343
파스타_마카로니_말린것을 삶은것,100,g,126
게류_방게_육_생것,100,g,73
소고기_한우(1++등급)_앞다리_생것,100,g,222
도라지_순_데친것,100,g,41
매실 절임_당류에 절인것,100,g,216
돼지 부산물_간_삶은것,100,g,165
송어류_송어_육_소금에 절여 저장한것,100,g,260
새우류_물렁가시붉은새우_육_생것,100,g,83
무 절임(치킨무)_뿌리_소금에 절인것,100,g,22
가자미류_가자미_육_생것,100,g,143
배추_봄 재배_생것,100,g,13
해삼_육_말린것,100,g,348
마늘_수입산(중국산)_구근_데친것,100,g,127
새우류_중하_육_통조림,100,g,105
기러기알_생것,100,g,193
강낭콩_생것,100,g,172
는쟁이냉이_생것,100,g,28
큰느타리버섯(새송이버섯)_말린것,100,g,179
돼지고기_뒷다리(설깃살)_생것,100,g,139
줄나물_말린것,100,g,236
귤_궁천조생+하우스_생것,100,g,42
오리고기_껍질 포함_삶은것,100,g,277
소고기_한우(1++등급)_갈비_생것,100,g,406
멥쌀_영호진미_백미_생것,100,g,371
녹두_삶은것,100,g,158
메밀 국수_말린것,100,g,372
귤_유라조생+하우스_생것,100,g,39
돼지고기_사태_생것,100,g,156
명태_알_생것,100,g,130
감자_대지_구운것,100,g,90
국수_중국국수_삶은것,100,g,133
송아지고기_수입산(미국산)_등심_삶은것,100,g,284
명태_육_조미하여 말린것(포),100,g,319
피스타치오넛_말린것,100,g,560
찹쌀_백옥찰_백미_생것,100,g,365
멜론_머스크_생것,100,g,40
송아지고기_수입산(미국산)_갈비_구운것,100,g,228
아마씨유,100,g,884
김류_참김_전체_조미,100,g,341
멥쌀_예찬_백미_생것,100,g,363
찹쌀_화선찰벼_백미_생것,100,g,375
쥐치류_쥐치_육_말린것(포),100,g,376
소고기_한우(2등급)_양지(차돌박이)_생것,100,g,326
메밀 냉면_말린것,100,g,360
옥수수_평안옥_말린것,100,g,358
돼지고기_등심(알등심살)_생것,100,g,145
멥쌀밥_삼광_현미,100,g,165
표고버섯_전체_말린것(자연건조),100,g,174
당면_고구마+감자_말린것,100,g,346
파프리카(착색단고추)_Raon yellow(미니파프리카)_노란색_생것,100,g,41
팽이버섯_갈색팽이_데친것,100,g,21
귀뚜라미_성충_생것,100,g,130
오징어류_팔완향오징어_육_생것,100,g,59
날개콩_미숙_생것,100,g,36
횟대류_도치_육_소금에 절여 말린것,100,g,313
쥐눈이콩(검정소립콩)_삶은것,100,g,184
숙주나물_찐것,100,g,16
소고기_한우(1++등급)_갈비(본갈비)_생것,100,g,376
배추_알배기_삶은것,100,g,17
숭어류_숭어_육_생것,100,g,119
보리_큰알보리1호_도정_생것,100,g,345
호박_단호박_찐것,100,g,66
파파야_미숙_생것,100,g,23
포도_수옥_생것,100,g,69
바리류_대왕붉바리_육_생것_거문도,100,g,140
표고버섯_전체_생것,100,g,22
소 부산물_심장(염통)_삶은것,100,g,165
가재류_가시발새우_육_생것,100,g,83
염소고기_외국산_생것,100,g,99
죽순_순_삶아서 말린것,100,g,314
소고기_한우(1등급)_앞다리(부채살)_생것,100,g,253
파슬리_말린것,100,g,298
라이마빈스_삶은것,100,g,122
사탕수수_생것,100,g,77
연어류_홍연어_육_구운것,100,g,181
고구마_줄기_삶아서 말린것을 삶은것,100,g,23
청경채_데친것,100,g,11
보리_엿기름_말린것,100,g,358
롱안_말린것,100,g,286
모시풀_잎_생것,100,g,64
가리비류_가리비_관자(패주)_삶아서 말린것,100,g,334
김류_참김_전체_구운것,100,g,193
홑잎나물_순_생것,100,g,96
소고기_한우(1등급)_사태(앞사태)_생것,100,g,147
고추냉이_분말화한것,100,g,299
부세_육_생것,100,g,136
표고버섯_전체_데친것,100,g,20
동부_수입산(미얀마산)_말린것,100,g,345
메추리알_삶은것,100,g,155
옥수수_대학_생것,100,g,164
연어류_연어_전체_삶은것,100,g,193
소고기_한우(2등급)_갈비(안창살)_생것,100,g,238
옥수수묵,100,g,55
멥쌀밥_밭벼_칠분도미,100,g,155
김류_참김_전체_말린것,100,g,165
포도_세레단_생것,100,g,58
돔류_참돔_육_삶은것,100,g,202
고구마_찐것,100,g,163
고둥류_갈색띠매물고둥_내장_생것,100,g,195
보리_겉보리_압맥,100,g,343
땅콩_검정땅콩_말린것,100,g,574
치커리_적치커리_잎_생것,100,g,20
멥쌀밥_농림나1호_칠분도미,100,g,205
당밀_가공당,100,g,274
조_메조+단아메_도정_생것,100,g,372
감자_보라밸리_생것,100,g,60
오크라_데친것,100,g,29
잉어_내장_생것,100,g,286
새우류_중하_육_데쳐서 말린것,100,g,300
닭 부산물_닭발_육수,100,g,4
고구마_주황미_생것,100,g,105
마늘_난지형_구근_생것,100,g,128
돼지고기_갈비_삶은것,100,g,296
옥수수_메옥수수_생것,100,g,178
뱅어_육_말린것,100,g,311
닭고기_날개_삶은것,100,g,233
멥쌀_운광_현미_생것,100,g,355
임연수어_육_반정도 말린것,100,g,179
전갱이류_전갱이_육_구운것,100,g,174
멥쌀밥_추청벼_백미,100,g,151
대구류_머리_말린것,100,g,255
대추_생것,100,g,105
다시마류_다시마_줄기_추출,100,g,1
다시마류_용다시마_전체_생것_해남_7월,100,g,24
고사리_데친것,100,g,21
호박_쥬키니_삶은것,100,g,12
오징어류_오징어_전체_말린것_수입(베트남),100,g,291
소 부산물_소장(곱창)_생것,100,g,145
숭어류_숭어_알_소금에 절여 말린것,100,g,392
소 부산물_허파_삶은것,100,g,120
멥쌀밥_농림나1호_현미,100,g,201
감말랭이_갑주백목_말린것,100,g,255
고구마_잎_데친것,100,g,41
멥쌀_칠분도미_생것,100,g,348
고수(향채)_생것,100,g,33
소고기_수입산(미국산)_목심(목심살)_삶은것,100,g,359
귀리_겉귀리_도정_생것,100,g,388
머루씨_생것,100,g,282
송아지 부산물_수입산(미국산)_심장(염통)_삶은것,100,g,186
미역류_미역_줄기_소금에 절여 저장한것,100,g,38
산마늘(명이나물)_잎줄기_데친것,100,g,37
새우류_중하_전체_말린것,100,g,273
소금_천일염,100,g,20
라임 주스_천연과즙,100,g,25
땅콩_분말화한것,100,g,560
곤약(구약나물)_분말화한것,100,g,194
멥쌀_금강1호_현미_생것,100,g,365
소고기_한우(1++등급)_설도(도가니살)_생것,100,g,175
진두발_육_말린것,100,g,66
배추_유기재배_생것,100,g,14
지누아릿과류_참개도박_전체_생것_3월,100,g,48
연어류_연어_전체_통조림,100,g,180
감_연시+월하시_생것,100,g,76
갯기름나물_노지_어린잎_데친것,100,g,53
염소고기_삶은것,100,g,251
연어류_홍연어_육_훈제,100,g,159
동아_생것,100,g,15
멥쌀밥_오대_현미,100,g,166
거위알_생것,100,g,193
전갱이류_전갱이_육_조미통조림,100,g,145
은어_육_생것,100,g,114
가오리류_가오리_육_조미하여 말린것,100,g,340
누리장나무잎_생것,100,g,65
소고기_한우(1++등급)_우둔(우둔살)_생것,100,g,191
밤_대보_삶은것,100,g,162
밤_옥광_삶은것,100,g,149
고비_야생_삶은것,100,g,25
만새기_육_생것,100,g,111
미나리_물미나리_줄기_생것,100,g,22
표고버섯_분말화한것,100,g,186
조뱅이_생것,100,g,47
문어류_문어_육_삶은것,100,g,101
올리브유,100,g,921
용과_황색종_생것,100,g,54
겨자_분말화한것,100,g,413
멥쌀_밭벼_백미_생것,100,g,331
닭 부산물_간_구운것(팬),100,g,154
홍합류_참담치(홍합)_육_삶은것,100,g,110
조_차조+경관2호_도정_생것,100,g,375
메추리알_난백_생것,100,g,52
참깨_검정깨_말린것,100,g,549
목이버섯_말린것,100,g,169
청어_육_말린것,100,g,464
호박_차요테_초록색_생것,100,g,21
팽이버섯_갈색팽이_생것,100,g,21
백합류_백합_육_구운것,100,g,78
소고기_한우(1++등급)_앞다리(부채살)_생것,100,g,285
임연수어_육_소금에 절여 저장한것,100,g,220
귤_임온주_생것,100,g,43
들기름,100,g,920
조_메조+삼다메_도정_생것,100,g,372
당면_고구마_삶은것,100,g,123
당귀_일당귀_잎_생것,100,g,43
옥수수_메옥수수_구운것,100,g,372
소고기_한우(1+등급)_양지(차돌박이)_생것,100,g,484
밤_삶은것,100,g,155
게류_왕게_육_생것,100,g,67
옥수수_신황옥_말린것,100,g,357
세멸_육_볶은것,100,g,380
옥수수_고당옥_삶은것,100,g,112
대구류_육_데친것,100,g,95
멥쌀_쌀눈_찐것,100,g,152
연어류_연어_전체_전자레인지로 가열한것,100,g,200
가리비류_비단가리비_육_생것_충무,100,g,76
새우류_흰다리새우_육_생것,100,g,109
고등어류_고등어_육_생것,100,g,231
꼬시래기류_꼬시래기_줄기_생것,100,g,17
문어류_주꾸미_육_생것,100,g,52
배 과즙,100,g,52
소고기_한우(2등급)_사태(아롱사태)_생것,100,g,221
멥쌀밥_농림나1호_백미,100,g,213
꼴뚜기류_불똥꼴뚜기_육_생것,100,g,101
퉁퉁마디(함초)_노지_생것,100,g,19
사과_홍옥_생것,100,g,58
소고기_한우(1+등급)_사태(아롱사태)_생것,100,g,241
닭기름,100,g,900
소고기_한우(2등급)_갈비(본갈비)_생것,100,g,310
망고_생것,100,g,61
취나물_참취_삶아서 말린것,100,g,299
올리브 피클_숙과,100,g,121
피칸_말린것,100,g,691
브로콜리_잎_삶아서 말린것,100,g,271
꿀,100,g,313
옥수수_메옥수수_말린것,100,g,358
돼지고기_삼겹살(토시살)_생것,100,g,141
고구마_줄기_삶은것,100,g,14
분유_탈지,100,g,358
연어류_연어_전체_생것_수입(노르웨이),100,g,182
돼지 부산물_심장(염통)_생것,100,g,118
어린양고기_수입산(미국산)_갈비_생것,100,g,372
홍합류_참담치(홍합)_육_통조림,100,g,99
오디_재래종_생것,100,g,54
삼백초_줄기_말린것,100,g,278
새우류_새우_껍질_생것,100,g,323
멥쌀_추청벼_현미_생것,100,g,362
소고기_한우(2등급)_양지_생것,100,g,232
성게류_보라성게_육_젓갈,100,g,150
해삼_육_소금에 절여 저장한것,100,g,38
새우류_젓새우_육_젓갈,100,g,55
참외_씨 제거_생것,100,g,40
소고기_한우(1등급)_양지(업진살)_생것,100,g,291
고둥류_보말고둥_육_삶은것,100,g,118
콩(대두)_흑태_삶은것,100,g,199
미역류_곰피_줄기_생것,100,g,157
상어류_악상어_육_생것,100,g,196
미역류_미역_줄기_생것,100,g,13
올스파이스_ 가루,100,g,275
어린양고기_수입산(미국산)_살코기_생것,100,g,143
갓_돌산갓_삶은것,100,g,19
열무_데친것,100,g,17
부추_호부추_생것,100,g,30
소고기_한우(2등급)_양지(치마양지)_생것,100,g,182
로열젤리,100,g,104
돼지고기_앞다리(주걱살)_생것,100,g,144
삼치류_삼치_육_구운것,100,g,204
고들빼기_이고들빼기_생것,100,g,39
꽃송이버섯_생것,100,g,19
커피_원두_커피(아메리카노 2샷) _용액,100,ml,2
얼갈이배추_소금에 절인것,100,g,15
죽순_순_데친것,100,g,30
